id,ativo,possui_variacoes,marca,codigo_erp,ncm,nome,buscavel,produto_digital,categorias,colecoes,filtros,variacoes,selos,slug,video,descricao,meses_de_garantia,frete_customizado,valor_do_frete,especificacoes,medidas,valor_de_presente,categoria_google,seo_titulo_pagina,seo_descricao,seo_palavras_chave,link_canonico,termos_de_busca,link_produto,link_foto_principal
40780014,sim,nao,Incoparts,,,Sapata Barra De Corte Para Plataforma New Holland L.d Ref:84995426,sim,nao,"NEW HOLLAND;NEW HOLLAND > COLHEITADEIRA;Peças para Colheitadeira New Holland, Case, John Deere e Mais | Ingafe;PRODUTOS EM PROMOÇÃO > Principais Produtos",PRODUTOS MAIS VENDIDOS;PRODUTOS;Peças Agrícolas em destaque,,,COMPRA GARANTIDA MERCADO PAGO,sapata-barra-de-corte-plataforma-new-holland-ld-ref8499542,,"<p>Envio imediato para todo o Brasil</p><p>Peça reforçada para colheitadeira New Holland</p><p>Garantia 3 meses</p><p>Duvidas se serve na sua Máquina, Fale Conosco.</p><p><br /></p><p><br /></p><p>NOSSOS PRODUTOS FABRICADOS NO BRASIL</p><p><br /></p><p><strong>Modelos de plataformas New Holland (compatíveis):</strong></p><p><br /></p><p><br /></p><ul><li>13PESNH</li><li>15PESNH</li><li>17PESNH</li><li>18PESNH</li><li>19PESNH</li><li>23PESNH</li></ul><p>CÓDIGOS REFERÊNCIA:</p><p><br /></p><ul><li>466791</li><li>757924</li><li>84995605</li><li>9575408</li></ul><p><br /></p><p>A Sapata Barra De Corte Plataforma New Holland L.d Ref:8499542 é um componente essencial para garantir a eficiência e a precisão em suas operações agrícolas. Fabricada pela renomada marca INCOPARTS, esta sapata é projetada especificamente para modelos New Holland, assegurando um encaixe perfeito e desempenho superior.</p><p><br /></p><p>Com um design robusto e materiais de alta qualidade, a sapata proporciona durabilidade e resistência, mesmo nas condições mais exigentes. Sua instalação é simples, permitindo que você retome suas atividades rapidamente, sem complicações.</p><p><br /></p><p>Ideal para agricultores e profissionais do setor, este produto é a escolha certa para quem busca otimizar o desempenho de suas máquinas. Invista na qualidade e na eficiência que a Sapata Barra De Corte Plataforma New Holland L.d Ref:8499542 pode oferecer ao seu trabalho diário.</p>",3,sim,0,,,0,,Sapata Barra De Corte Plataforma New Holland L.d Ref:8499542,"Ingafert Peças Agrícolas | Peças para Tratores, Colheitadeiras e Plataformas - New Holland, John Deere entre outras.A Ingafert é especialista em peças agrícola...",,,"Sapata barra de corte, new holland, peças agricola",https://www.ingafert.com.br/sapata-barra-de-corte-plataforma-new-holland-ld-ref8499542/p,https://images.yampi.me/assets/stores/ingafert-pecas-agricolas/uploads/images/sapata-barra-de-corte-plataforma-new-holland-ld-ref8499542-68361f6e3961b-medium.jpg
40787127,sim,nao,NEW HOOLAND,,,Dedo Alimentador CR New Holland   Ref. 89508953,sim,nao,"NEW HOLLAND;NEW HOLLAND > COLHEITADEIRA;Peças para Colheitadeira New Holland, Case, John Deere e Mais | Ingafe;PRODUTOS EM PROMOÇÃO > Principais Produtos",PRODUTOS MAIS VENDIDOS;PRODUTOS;NEW HOLLAND;COLHEITADEIRA;Peças Agrícolas em destaque,,,COMPRA GARANTIDA MERCADO PAGO,dedo-levantador-de-feijao-colheita-new-holland-ref-89508953,,"<p>Compatível com os seguintes modelos de colheitadeiras New Holland:</p><p>CR9060</p><p>CR9070</p><p>CR9080</p><p>CR940</p><p>CR960</p><p>CR970</p><p>CR980</p><p><br /></p><p>O DEDO Alimentador NEW HOLLAND CR REF: 89508953 é um componente essencial para otimizar a colheita de feijão, proporcionando eficiência e precisão no processo. este acessório é projetado especificamente para a colheitadeira New Holland, garantindo um encaixe perfeito e desempenho superior.</p><p><br /></p><p>Com um design robusto e durável, o dedo levantador é capaz de suportar as exigências do trabalho em campo, contribuindo para uma colheita mais rápida e eficaz. Sua construção de alta qualidade assegura que você possa contar com ele em diversas condições de operação, aumentando a produtividade da sua colheita.</p><p><br /></p><p>Este produto é ideal para agricultores e profissionais do setor agrícola que buscam melhorar suas operações de colheita. Ao investir no DEDO LEVANTADOR DE FEIJAO, você estará garantindo um equipamento que não só facilita o trabalho, mas também maximiza os resultados na sua lavoura.</p>",3,nao,0,,,0,,Dedo Levantador de feijao colheitadeira New Holland,"Peça desenvolvida para reposição perfeita em colheitadeiras New Holland linha CR.Alta resistência, encaixe preciso e ideal para trabalho pesado na colheita.  ...",,,,https://www.ingafert.com.br/dedo-levantador-de-feijao-colheita-new-holland-ref-89508953/p,https://images.yampi.me/assets/stores/ingafert-pecas-agricolas/uploads/images/dedo-levantador-de-feijao-colheita-new-holland-ref-89508953-68361e6b00e6d-medium.jpg
40801028,sim,nao,JOHN DEERE,,,Polia Variadora Colheitadeira John Deere Ref:ah220892,sim,nao,"JOHN DEERE;Peças para Colheitadeira New Holland, Case, John Deere e Mais | Ingafe;PRODUTOS EM PROMOÇÃO;PRODUTOS EM PROMOÇÃO > Principais Produtos",PRODUTOS MAIS VENDIDOS;PRODUTOS;JOHN DEERE;COLHEITADEIRA,,,COMPRA GARANTIDA MERCADO PAGO,polia-variadora-colheitadeira-john-deere-refah220892,,"<p>A POLIA VARIADORA COLHEITADEIRA JOHN DEERE REF: AH220892 da marca INCOPARTS é uma solução essencial para otimizar o desempenho da sua colheitadeira. Projetada com precisão, esta polia garante uma operação suave e eficiente, contribuindo para a produtividade nas suas atividades agrícolas.</p><p><br /></p><p>Com um design robusto e materiais de alta qualidade, a POLIA VARIADORA é ideal para quem busca durabilidade e confiabilidade em suas máquinas. Sua compatibilidade com a colheitadeira John Deere assegura que você tenha um componente que se encaixa perfeitamente nas suas necessidades operacionais.</p><p><br /></p><p>A instalação é simples, permitindo que você retome suas atividades rapidamente. Invista na POLIA VARIADORA COLHEITADEIRA JOHN DEERE REF: AH220892 e experimente a diferença que um componente de qualidade pode fazer na sua colheita.</p>",3,sim,0,,,0,,POLIA VARIADORA PARA JOHN DEERE,,,,,https://www.ingafert.com.br/polia-variadora-colheitadeira-john-deere-refah220892/p,https://images.yampi.me/assets/stores/ingafert-pecas-agricolas/uploads/images/polia-variadora-colheitadeira-john-deere-refah220892-6837405663d4e-medium.jpg
40801119,sim,nao,Incoparts,,,Polia Elevador Para  Colheitadeira New Holland REF . 87377124,sim,nao,"NEW HOLLAND > COLHEITADEIRA;Peças para Colheitadeira New Holland, Case, John Deere e Mais | Ingafe;PRODUTOS EM PROMOÇÃO;PRODUTOS EM PROMOÇÃO > Principais Produtos",PRODUTOS MAIS VENDIDOS;NEW HOLLAND;COLHEITADEIRA,,,COMPRA GARANTIDA MERCADO PAGO,polia-elevador-colheitadeira-new-holland-ref-87377124,,"<p>A POLIA ELEVADOR COLHEITADEIRA N.H. 87377124 da marca É uma solução essencial para quem busca eficiência e durabilidade em suas operações agrícolas. Este componente foi projetado para otimizar o desempenho das colheitadeiras, garantindo um funcionamento suave e eficaz durante a colheita.</p><p><br /></p><p>Com um design robusto e materiais de alta qualidade, a POLIA ELEVADOR é ideal para suportar as exigências do trabalho no campo. Sua compatibilidade com diversos modelos de colheitadeiras a torna uma escolha prática para agricultores que desejam manter suas máquinas em excelente estado de funcionamento.</p><p><br /></p><p>A instalação deste produto é simples, permitindo que você retome suas atividades rapidamente. Invista na POLIA ELEVADOR COLHEITADEIRA N.H. 87377124 e experimente a diferença que um componente de qualidade pode fazer na sua produtividade agrícola.</p>",3,nao,0,,,0,,POLIA ELEVADOR PARA NEW HOLLAND REF:87377124,,,,,https://www.ingafert.com.br/polia-elevador-colheitadeira-new-holland-ref-87377124/p,https://images.yampi.me/assets/stores/ingafert-pecas-agricolas/uploads/images/polia-elevador-colheitadeira-new-holland-ref-87377124-683741ba14dc2-medium.jpg
40862504,sim,nao,JOHN DEERE,,,Suporte de Disco de Corte Plantadeira John Deere Ref:CQ39615,sim,nao,JOHN DEERE;Peças para Plantadeira;PLANTADEIRA;PRODUTOS EM PROMOÇÃO > Principais Produtos,PRODUTOS;PRODUTOS MAIS VENDIDOS;Novidades;PLANTADEIRAS,,,COMPRA GARANTIDA MERCADO PAGO,suporte-de-disco-de-corte-plantadeira-john-deere-refcq39615,,"<h3>Descrição</h3><p>O suporte do disco do adubo, CQ39615 é uma peça de reposição agrícola Para John Deere.</p><p>Possui fundido de alta resistência e pintura eletroestática.</p><p><br /></p><h2>Ficha Técnica</h2><p><br /></p><p>Tipo do material Ferro fundido de alta dureza</p><p>Cod Fundido10038</p><p>Cod Original CQ39615</p>",3,nao,0,,,0,,Suporte de Disco de Corte Plantadeira John Deere Ref:CQ39615,"O suporte do disco do adubo, CQ39615 é uma peça de reposição agrícola Para John Deere.Possui fundido de alta resistência e pintura eletroestática.",,,,https://www.ingafert.com.br/suporte-de-disco-de-corte-plantadeira-john-deere-refcq39615/p,https://images.yampi.me/assets/stores/ingafert-pecas-agricolas/uploads/images/suporte-de-disco-de-corte-plantadeira-john-deere-refcq39615-683b887df3a02-medium.png
40892342,sim,nao,Incoparts,,,Cubo Do Disco para plantadeira  John Deere Cq22761 Cq47488 Cq73625,sim,nao,JOHN DEERE;Peças para Plantadeira;PLANTADEIRA;PRODUTOS EM PROMOÇÃO > Principais Produtos,Novidades;PRODUTOS;PLANTADEIRAS,,,COMPRA GARANTIDA MERCADO PAGO,cubo-do-disco-para-plantadeira-john-deere-cq22761-cq47488-cq73625,,"<p>Cubo do Disco para Plantadeira John Deere CQ22761 / CQ47488 / CQ73625 - </p><p>O Cubo do Disco da é a escolha ideal para quem busca qualidade e durabilidade em peças de reposição para plantadeiras John Deere. Compatível com os modelos este cubo é fabricado em ferro fundido de alta resistência, garantindo desempenho superior mesmo nas condições mais exigentes do campo. </p><p><br /></p><p>Características:</p><p> Referências: CQ22761, CQ47488, CQ73625</p><p> Material: Ferro fundido de alta resistência</p><p> Aplicação: Plantadeiras John Deere </p><p> Marca: Incoparts</p><p><br /></p><p>Benefícios:</p><p> Maior durabilidade e resistência ao desgaste</p><p> Fácil instalação e perfeita compatibilidade</p><p> Melhoria no desempenho geral da plantadeira </p><p><br /></p><p> Condições de Compra:</p><p> Envio imediato para todo o Brasil</p>",3,nao,0,,,0,,Cubo Do Disco para plantadeira  John Deere Cq22761 Cq47488 Cq73625,,,,,https://www.ingafert.com.br/cubo-do-disco-para-plantadeira-john-deere-cq22761-cq47488-cq73625/p,https://images.yampi.me/assets/stores/ingafert-pecas-agricolas/uploads/images/cubo-do-disco-para-plantadeira-john-deere-cq22761-cq47488-cq73625-683edac129639-medium.jpg
40960031,sim,nao,NEW HOOLAND,,,Sapata Da Barra De Corte Central Para Plataforma Costela 84995425,sim,nao,,PRODUTOS,,,COMPRA GARANTIDA MERCADO PAGO,sapata-da-barra-de-corte-central-plataforma-costela-84995425,,"<p>Observação:</p><p><br /></p><p>Referência: 84995425</p><p>Compatibilidade: Plataformas de corte de 13 a 30 pés das séries 74C e Axial</p><p>Material: Aço de alta resistência com pintura eletrostática</p><p>Peso: 7,35 kg</p><p>Aplicações: Modelos New Holland e Case</p><p>REF: 84995425 - 87699086 - 466792 </p><p>A Sapata Da Barra De Corte Central Plataforma Costela  Código 84995425 é um componente essencial para a eficiência e durabilidade de sua colheitadeira. esta peça é projetada especificamente para os modelos COLHEITADEIRA NEW HOLLAND E CASE, garantindo um encaixe perfeito e desempenho otimizado.</p><p><br /></p><p>Com a Sapata Da Barra De Corte, você pode esperar uma operação suave e eficaz, reduzindo o desgaste e aumentando a vida útil do equipamento. Sua construção robusta e materiais de alta qualidade asseguram que você possa enfrentar as demandas do campo com confiança.</p><p><br /></p><p>Ideal para agricultores e profissionais do setor agrícola que buscam maximizar a produtividade, esta sapata é uma escolha inteligente para quem valoriza a qualidade e a eficiência. Invista em sua colheitadeira e experimente a diferença que uma peça de qualidade pode fazer em suas operações diárias.</p>",3,nao,0,,,0,,Sapata Da Barra De Corte Central Para Plataforma Costela 84995425,Referência: 84995425Compatibilidade: Plataformas de corte de 13 a 30 pés das séries 74C e AxialMaterial: Aço de alta resistência com pintura eletrostática,,,,https://www.ingafert.com.br/sapata-da-barra-de-corte-central-plataforma-costela-84995425/p,https://images.yampi.me/assets/stores/ingafert-pecas-agricolas/uploads/images/sapata-da-barra-de-corte-central-plataforma-costela-84995425-6845b640a3328-medium.jpg
40960071,sim,nao,Incoparts,,,Compensador Temperado 1070 Nh Ref. 465483,sim,nao,NEW HOLLAND;NEW HOLLAND > COLHEITADEIRA;PRODUTOS EM PROMOÇÃO;PRODUTOS EM PROMOÇÃO > Principais Produtos,PRODUTOS,,,COMPRA GARANTIDA MERCADO PAGO,mola-folha-aco-para-compensador-1070-nh-ref-466787,,"<p>Descrição do Produto:</p><p><br /></p><p>Referência: 465483</p><p>Compatibilidade: Modelos New Holland 1530, 4040, 5050, 8055, TC55, TC59</p><p>Material: Aço de alta resistência</p><p>Peso: 546g</p><p>Dimensões: Altura: 2cm; Largura: 10cm</p><p>Aplicação: Utilizado no sistema de compensação da plataforma</p><p>Garantia: 90 dias conforme o Código de Defesa do Consumidor</p><p>Observação: Produto novo </p><p><br /></p><p>A Mola Folha Compensador Aço Colheitadeira New Holland 465483 da marca INCOPARTS é uma peça essencial para garantir o desempenho ideal da sua colheitadeira. Projetada especificamente para o modelo New Holland, esta mola oferece resistência e durabilidade, suportando as exigências do trabalho agrícola intenso.</p><p>A Mola é um componente vital em sistemas de suspensão de máquinas agrícolas, contribuindo para a estabilidade e absorção de impactos durante as operações. Esta mola de alta qualidade destaca-se por sua resistência e durabilidade, proporcionando um desempenho consistente em diferentes condições de terreno. Compatível com diversos modelos e marcas, sua construção robusta assegura uma operação eficaz em ambientes desafiadores.</p><p><br /></p><p>Informações Técnicas:</p><p><br /></p><p>Fabricada com materiais resistentes para garantir durabilidade e resistência.</p><p>Design específico para otimizar a capacidade de absorção de impactos.</p><p>Compatível com uma variedade de sistemas de suspensão e marcas.</p><p>Resistente a condições adversas no campo.</p><p><br /></p><p>Com um design robusto, a mola proporciona estabilidade e eficiência durante a operação, contribuindo para uma colheita mais produtiva. Sua fabricação em aço de alta qualidade assegura que a peça mantenha suas características mesmo em condições adversas, prolongando a vida útil do equipamento.</p><p><br /></p><p>Ideal para agricultores e profissionais do setor, a Mola Folha Compensador é uma escolha inteligente para quem busca qualidade e confiabilidade. Invista em um componente que fará a diferença na sua colheita e otimize seus resultados com a tecnologia de ponta</p>",3,sim,0,,,0,,Compensador Temperado 1070 Nh Ref. 465483,,,,,https://www.ingafert.com.br/mola-folha-aco-para-compensador-1070-nh-ref-466787/p,https://images.yampi.me/assets/stores/ingafert-pecas-agricolas/uploads/images/mola-folha-aco-para-compensador-1070-nh-ref-466787-6845b82349ed5-medium.jpg
40960094,sim,nao,Incoparts,,,Reparo Bucha Cabeça Navalha Completo Para Nh Ref. 759650,sim,nao,NEW HOLLAND;NEW HOLLAND > COLHEITADEIRA;PRODUTOS EM PROMOÇÃO;PRODUTOS EM PROMOÇÃO > Principais Produtos,PRODUTOS,,,COMPRA GARANTIDA MERCADO PAGO,reparo-bucha-cabeca-navalha-completo-para-nh-ref-759650,,"<p>Descrição do Produto:</p><p><br /></p><p> Referência: 759650</p><p>Compatibilidade: Modelos New Holland 8040, 8055, TC55, TC57, TC59</p><p>Material: Aço de alta resistência</p><p>Aplicação: Utilizado na cabeça da navalha da colheitadeira</p><p>Garantia: 90 dias conforme o Código de Defesa do Consumidor</p><p>Observação: Produto novo </p><p><br /></p><p>O Reparo Bucha Cabeça Da Navalha New Holland REF:759650-84998756 da marca Incoparts é a solução ideal para quem busca eficiência e durabilidade em suas máquinas. Este componente é projetado para garantir um desempenho superior, contribuindo para a manutenção adequada do seu equipamento. Com um design robusto e materiais de alta qualidade, ele assegura uma longa vida útil, mesmo em condições de trabalho exigentes.</p><p><br /></p><p>A instalação deste reparo é simples e prática, permitindo que você retome suas atividades rapidamente. É compatível com diversos modelos da linha New Holland, tornando-se uma escolha versátil para profissionais do setor agrícola e de construção. Ao optar por este produto, você investe na performance e na confiabilidade de suas máquinas, assegurando resultados consistentes em cada operação.</p><p><br /></p><p>Além disso, o Reparo Bucha Cabeça Da Navalha é uma peça que se destaca pela sua resistência ao desgaste, minimizando a necessidade de manutenções frequentes. Isso se traduz em economia de tempo e recursos, permitindo que você se concentre no que realmente importa: a produtividade do seu trabalho. Escolha a qualidade e a eficiência que só a Incoparts pode oferecer.</p>",3,nao,0,,,0,,Reparo Bucha Cabeça Navalha Completo Para Nh Ref. 759650,,,,,https://www.ingafert.com.br/reparo-bucha-cabeca-navalha-completo-para-nh-ref-759650/p,https://images.yampi.me/assets/stores/ingafert-pecas-agricolas/uploads/images/reparo-bucha-cabeca-navalha-completo-para-nh-ref-759650-6845b99e4ddb2-medium.jpg
40960115,sim,nao,NEW HOOLAND,,,Compensador 1070 Para Plataforma Nh Ref. 466787,sim,nao,NEW HOLLAND;NEW HOLLAND > COLHEITADEIRA;PRODUTOS EM PROMOÇÃO;PRODUTOS EM PROMOÇÃO > Principais Produtos,PRODUTOS,,,COMPRA GARANTIDA MERCADO PAGO,compensador-para-plataforma-nh-ref-466787-temperado-1070,,"<p>Descrição do Produto:</p><p>   Marca: New Holland</p><p>   Referência: 466787</p><p>   Compatibilidade: Modelos New Holland 1530, 4040, 5050, 8055, TC55, TC59</p><p>  Material: Aço temperado de alta resistência</p><p>  Peso: 546g</p><p>  Dimensões: Altura: 2cm; Largura: 10cm</p><p>  Aplicação: Utilizado na plataforma de corte para manter a altura correta em terrenos irregulares, proporcionando uma colheita mais eficaz</p><p>  Garantia: 90 dias conforme o Código de Defesa do Consumido</p><p>  Observação: Produto novo </p><p>O Compensador Tempera da plataforma New Holland REF: 466787, da marca INCOPARTS, é um componente essencial para garantir o funcionamento eficiente de sua máquina. Projetado com precisão, este produto oferece durabilidade e resistência, atendendo às exigências do setor agrícola e de construção.</p><p><br /></p><p>Com a sua instalação, você poderá otimizar o desempenho da sua plataforma, assegurando que todas as operações sejam realizadas de forma suave e eficaz. A qualidade dos materiais utilizados na fabricação do compensador proporciona uma longa vida útil, reduzindo a necessidade de manutenções frequentes.</p><p><br /></p><p>Ideal para profissionais que buscam confiabilidade e eficiência, o Compensador Tempera é a escolha certa para quem deseja manter suas máquinas em perfeito estado. Invista em um produto que garante resultados superiores e contribui para a produtividade do seu trabalho.</p>",3,nao,0,,,0,,,,,,,https://www.ingafert.com.br/compensador-para-plataforma-nh-ref-466787-temperado-1070/p,https://images.yampi.me/assets/stores/ingafert-pecas-agricolas/uploads/images/compensador-para-plataforma-nh-ref-466787-temperado-1070-6845bb7262875-medium.jpg
40960163,sim,nao,JOHN DEERE,,,Braço Plataforma Bucha Para Colheitadeira John Deere Dq00195,sim,nao,"JOHN DEERE;JOHN DEERE COLHEITADEIRA;Peças para Colheitadeira New Holland, Case, John Deere e Mais | Ingafe;PRODUTOS EM PROMOÇÃO;PRODUTOS EM PROMOÇÃO > Principais Produtos",PRODUTOS;JOHN DEERE;COLHEITADEIRA,,,COMPRA GARANTIDA MERCADO PAGO,braco-plataforma-bucha-para-colheitadeira-john-deere-dq00195,,"<p>O Braço da Plataforma  Ref. DQ00195 é a escolha ideal para garantir o desempenho e a durabilidade da sua colheitadeira John Deere. Fabricado com materiais de alta resistência, este braço é responsável pela articulação e sustentação da plataforma de corte, assegurando um funcionamento estável mesmo em condições severas de trabalho.</p><p><br /></p><p> Especificações Técnicas:</p><p> Marca: Incoparts</p><p> Referência Original: DQ00195</p><p> Aplicação: Colheitadeiras John Deere (ver modelos abaixo)</p><p> Material: Aço de alta resistência com acabamento protetivo</p><p><br /></p><p> Diferenciais:</p><p> Fabricação nacional com padrão de qualidade</p><p> Alta durabilidade e resistência a impacto</p><p> Excelente custo-benefício</p><p> Garantia de 90 dias contra defeitos de fabricação</p><p><br /></p><p> Envio Imediato e Frete Grátis</p><p> Produto à pronta entrega com despacho rápido</p><p> Frete grátis para diversas regiões do Brasil</p><p> Embalado com segurança para evitar danos no transporte</p><p><br /></p><p>A Braco Plataforma com Bucha Colheitadeira J.D. REF:DQ00195  é a solução ideal para quem busca eficiência e durabilidade em suas operações agrícolas. Projetada especificamente para o modelo JOHN DEERE DQ00195, esta peça garante um desempenho superior, contribuindo para a produtividade do seu maquinário.</p><p><br /></p><p>Com um design robusto e materiais de alta qualidade, a Braco Plataforma oferece resistência ao desgaste e uma longa vida útil, mesmo em condições de trabalho exigentes. Sua instalação é simples, permitindo que você retome suas atividades rapidamente, sem complicações.</p><p><br /></p><p>Este produto é essencial para agricultores que valorizam a performance e a confiabilidade de suas colheitadeiras. Invista na Braco Plataforma e experimente a diferença que uma peça de qualidade pode fazer no seu dia a dia no campo.</p>",3,nao,0,,,0,,Braço Plataforma Bucha Para Colheitadeira John Deere Dq00195,,,,,https://www.ingafert.com.br/braco-plataforma-bucha-para-colheitadeira-john-deere-dq00195/p,https://images.yampi.me/assets/stores/ingafert-pecas-agricolas/uploads/images/braco-plataforma-bucha-para-colheitadeira-john-deere-dq00195-6845bd521d445-medium.jpg
40960192,sim,nao,Incoparts,,,Acionador Mecanismo Corte S600 Para John Deere De19294,sim,nao,"JOHN DEERE;JOHN DEERE COLHEITADEIRA;Peças para Colheitadeira New Holland, Case, John Deere e Mais | Ingafe;PRODUTOS;PRODUTOS EM PROMOÇÃO > Principais Produtos",JOHN DEERE,,,COMPRA GARANTIDA MERCADO PAGO,acionador-mecanismo-corte-s600-para-john-deere-de19294,,"<p>Acionador do Mecanismo de Corte John Deere DE19294   Incoparts</p><p>Descrição:</p><p>O Acionador do Mecanismo de Corte DE19294 da Incoparts é uma peça essencial para o funcionamento eficiente da sua colheitadeira John Deere. Fabricado em aço de alta resistência, este acionador garante durabilidade e desempenho superior nas operações agrícolas.</p><p><br /></p><p>Compatibilidade:</p><p>Compatível com colheitadeiras John Deere das séries 600 e 700.</p><p><br /></p><p>Especificações Técnicas:</p><p>   Marca: Incoparts</p><p>   Referência Original: DE19294</p><p>   Material: Aço de alta resistência</p><p>   Peso: 1,05 kg</p><p>   Dimensões: 85 mm (comprimento) x 71 mm (largura) x 61 mm (altura)</p><p>   Diâmetro externo: 52 mm</p><p>   Diâmetro dos furos de montagem: 13 mm</p><p>   Distância entre furos de montagem: 55 mm</p><p><br /></p><p>Aplicação:</p><p>Este acionador é responsável por transmitir o movimento necessário para o funcionamento da barra de corte da colheitadeira, assegurando uma colheita eficiente e sem interrupções.</p><p><br /></p><p>Garantia:</p><p>90 dias contra defeitos de fabricação.</p><p><br /></p><p>Observações:</p><p>Recomendamos a instalação por um profissional especializado para garantir o correto funcionamento da peça.</p><p>Envio:</p><p>Produto à pronta entrega com envio imediato e frete grátis para todo o Brasil.</p>",3,nao,0,,,0,,,,,,,https://www.ingafert.com.br/acionador-mecanismo-corte-s600-para-john-deere-de19294/p,https://images.yampi.me/assets/stores/ingafert-pecas-agricolas/uploads/images/acionador-mecanismo-corte-s600-para-john-deere-de19294-6845bef396ee9-medium.jpg
40960225,sim,nao,Incoparts,,,Braço Garfo Acionador Caixa Faca 825270 Para New Holland 17-20,sim,nao,NEW HOLLAND;PRODUTOS;PRODUTOS EM PROMOÇÃO > Principais Produtos,PRODUTOS,,,COMPRA GARANTIDA MERCADO PAGO,braco-garfo-acionador-caixa-faca-825270-para-new-holland-17-20-p,,"<p>Braço Acionador Caixa Faca 825270 VV para Plataformas New Holland 17-20 Pés</p><p><br /></p><p>Descrição:</p><p>O Braço Acionador de Caixa de Faca 825270  é uma peça essencial para o funcionamento eficiente da sua colheitadeira New Holland. Fabricado em aço de alta resistência, este braço garante durabilidade e desempenho superior nas operações agrícolas.</p><p><br /></p><p>Compatibilidade:</p><p>Compatível com plataformas New Holland das séries 72C, 74C e Superflex, nos tamanhos de 17, 19 e 20 pés.</p><p><br /></p><p>Especificações Técnicas:</p><p> Marca: Incoparts</p><p> Referência Original: 825270 / 0077-00</p><p> Material: Aço de alta resistência</p><p> Peso: 1,2 kg</p><p> Dimensões: 85 mm (comprimento) x 71 mm (largura) x 61 mm (altura)</p><p> Diâmetro externo: 52 mm</p><p> Diâmetro dos furos de montagem: 13 mm</p><p> Distância entre furos de montagem: 55 mm</p><p><br /></p><p>Aplicação:</p><p>Este braço é responsável por transmitir o movimento necessário para o funcionamento da barra de corte da colheitadeira, assegurando uma colheita eficiente e sem interrupções.</p><p><br /></p><p>Garantia:</p><p>90 dias contra defeitos de fabricação.</p><p><br /></p><p>Observações:</p><p>Recomendamos a instalação por um profissional especializado para garantir o correto funcionamento da peça.</p><p><br /></p><p>Envio:</p><p>Produto à pronta entrega com envio imediato e frete grátis para todo o Brasil.</p>",3,nao,0,,,0,,Braço Garfo Acionador Caixa Faca 825270 Para New Holland 17-20,,,,,https://www.ingafert.com.br/braco-garfo-acionador-caixa-faca-825270-para-new-holland-17-20-p/p,https://images.yampi.me/assets/stores/ingafert-pecas-agricolas/uploads/images/braco-garfo-acionador-caixa-faca-825270-para-new-holland-17-20-p-6845c197ac56b-medium.jpg
40963125,sim,nao,Incoparts,,,"Bucha De Suspensão Tc59 De  Aço Para New Holland ref: 445956,84077841",sim,nao,"NEW HOLLAND;NEW HOLLAND > COLHEITADEIRA;Peças para Colheitadeira New Holland, Case, John Deere e Mais | Ingafe;PRODUTOS;PRODUTOS EM PROMOÇÃO > Principais Produtos",PRODUTOS,,,COMPRA GARANTIDA MERCADO PAGO,bucha-de-suspensao-de-aco-para-new-holland-ref-44595684077841,,"<p>A Bucha Entalhada Aço Colheitadeira New Holland REF:84077841 CNH,REF:84098598CNH  é a solução ideal para quem busca qualidade e durabilidade em peças para veículos agrícolas. Fabricada em aço resistente, esta bucha de controle de suspensão garante um desempenho superior, proporcionando estabilidade e segurança durante a operação.</p><p><br /></p><p>Com o número de peça 445956 >84077841, esta bucha é projetada especificamente para colheitadeiras New Holland, assegurando um encaixe perfeito e funcionalidade otimizada. A sua construção robusta é essencial para suportar as exigências do trabalho no campo, contribuindo para a eficiência das máquinas agrícolas.</p><p><br /></p><p>A escolha da bucha correta é fundamental para manter a performance do seu equipamento. Invista na Bucha Entalhada Aço Colheitadeira New Holland 84077841 CNH e experimente a diferença que uma peça de qualidade pode fazer na sua colheita.</p>",3,nao,0,,,0,,"Bucha De Suspensão Tc59 De  Aço Para New Holland ref: 445956&amp;,84077841",,,,,https://www.ingafert.com.br/bucha-de-suspensao-de-aco-para-new-holland-ref-44595684077841/p,https://images.yampi.me/assets/stores/ingafert-pecas-agricolas/uploads/images/bucha-de-suspensao-de-aco-para-new-holland-ref-445956gt84077841-6845c4345f079-medium.jpg
40972239,sim,nao,Incoparts,,,Cj Sulcador Adubo Reto Desarme Auto Premier Para Planti Center REF: 301044-030104,sim,nao,Peças para Plantadeira;PLANTADEIRA;PLANTI CENTER;PRODUTOS;PRODUTOS EM PROMOÇÃO;PRODUTOS EM PROMOÇÃO > Principais Produtos,Peças Para Planti Center;Peças Agrícolas em destaque,,,COMPRA GARANTIDA MERCADO PAGO,cj-sulcador-adubo-reto-desarme-auto-premier-planti-center-301044030104,,"<p>Compatibilidade Garantida</p><p>Dúvida se a peça serve na sua máquina</p><p>Fale com um especialista no WhatsApp antes de comprar.</p><p><br /></p><p><br /></p><p>O CJ SULCADOR ADUBO RETO DESARME AUTO PREMIER 301044 030104 é uma solução eficiente para quem busca otimizar o processo de plantio e adubação. , este equipamento é projetado para oferecer alta performance e durabilidade, atendendo às necessidades de agricultores e profissionais do setor agrícola.</p><p>O modelo PLANTADEIRA PLANTI CENTER REF: 301044 030104 >30.104-4 destaca-se pela sua facilidade de uso e manutenção. Sua construção robusta garante resistência em diferentes condições de trabalho, permitindo que você realize suas atividades com confiança e eficiência.</p><p><br /></p><p>Ideal para quem busca produtividade, este sulcador é compatível com diversas máquinas agrícolas, facilitando a integração em sua operação. Com um design que prioriza a ergonomia e a funcionalidade, ele proporciona uma experiência de uso superior, tornando o trabalho no campo mais ágil e menos cansativo.</p><p><br /></p><p>Invista em tecnologia e qualidade para suas atividades agrícolas com o CJ SULCADOR ADUBO RETO DESARME AUTO PREMIER. A escolha certa para quem deseja resultados excepcionais e um cultivo mais eficiente.</p>",3,nao,0,,,0,,Cj Sulcador Adubo Reto Desarme Auto Premier Para Planti Center,,,,"Sulcador Adubo, planti center, peças agricolas",https://www.ingafert.com.br/cj-sulcador-adubo-reto-desarme-auto-premier-planti-center-301044030104/p,https://images.yampi.me/assets/stores/ingafert-pecas-agricolas/uploads/images/cj-sulcador-adubo-reto-desarme-auto-premier-planti-center-301044gt030104-68471168a3495-medium.jpg
40972421,sim,nao,Incoparts,,,Sulcador Adubo Sistema Desarme Auto Para Planti Center REF: 322997,sim,nao,Peças para Plantadeira;PLANTADEIRA;PLANTI CENTER;PRODUTOS;PRODUTOS EM PROMOÇÃO > Principais Produtos,Peças Para Planti Center,,,COMPRA GARANTIDA MERCADO PAGO,sulcador-adubo-sistema-desarme-auto-para-planti-center-ref-322997,,"<p>CONJUNTO SULCADOR ADUBO SISTEMA - DESARME AUTOMATICO</p><p>REF:322997 >270599 >032299</p><p><br /></p><p>O CJ SULCADOR ADUBO SISTEMA DESARME AUTO PLANTI CENTER 322997 é uma solução inovadora para o manejo eficiente de culturas. este modelo é ideal para agricultores que buscam otimizar a aplicação de adubo, garantindo uma distribuição uniforme e precisa.</p><p><br /></p><p>Com um design robusto e funcional, o Planti Center 322997 é projetado para facilitar o trabalho no campo, aumentando a produtividade e reduzindo o desperdício de insumos. Sua tecnologia avançada permite um desarme automático, proporcionando maior praticidade e agilidade nas operações agrícolas.</p><p><br /></p><p>Este sulcador é compatível com diversas máquinas, tornando-se uma adição valiosa ao seu equipamento agrícola. A sua construção de alta qualidade assegura durabilidade e resistência, mesmo nas condições mais exigentes do campo.</p><p><br /></p><p>Invista em tecnologia e eficiência para suas lavouras com o CJ SULCADOR ADUBO SISTEMA DESARME AUTO PLANTI CENTER 322997. Transforme a maneira como você cultiva e colhe, garantindo resultados superiores e uma experiência de trabalho mais satisfatória.</p>",3,nao,0,,,0,,Sulcador Adubo Sistema Desarme Auto Para Planti Center REF: 322997,,,,,https://www.ingafert.com.br/sulcador-adubo-sistema-desarme-auto-para-planti-center-ref-322997/p,https://images.yampi.me/assets/stores/ingafert-pecas-agricolas/uploads/images/sulcador-adubo-sistema-desarme-auto-para-planti-center-ref-322997-684713fb7e90d-medium.jpg
40972444,sim,nao,Incoparts,,,Engrenagem Superior Para John Deere REF:H227474,sim,nao,JOHN DEERE;JOHN DEERE COLHEITADEIRA;PRODUTOS;PRODUTOS EM PROMOÇÃO > Principais Produtos,JOHN DEERE,,,COMPRA GARANTIDA MERCADO PAGO,engrenagem-superior-para-john-deere-refh227474,,"<p>A Engrenagem Eixo Superior Para Colheitadeira John Deere H227474 é um componente essencial para garantir o desempenho ideal de sua máquina agrícola. esta engrenagem é projetada para atender às exigências do setor, proporcionando durabilidade e eficiência nas operações de colheita.</p><p><br /></p><p>Com o número de peça H227474 HXE123463, esta engrenagem é compatível com diversos modelos de colheitadeiras John Deere, assegurando uma instalação precisa e funcional. Sua origem no Brasil garante um produto de qualidade, desenvolvido com tecnologia avançada e rigorosos padrões de fabricação.</p><p><br /></p><p>Ideal para agricultores que buscam maximizar a produtividade, a Engrenagem Eixo Superior é uma escolha inteligente para manter sua colheitadeira em perfeito estado. Invista na performance de sua máquina e experimente a confiabilidade que a INCOPARTS oferece.</p>",3,nao,0,,,0,,Engrenagem Superior Para John Deere REF:H227474,,,,,https://www.ingafert.com.br/engrenagem-superior-para-john-deere-refh227474/p,https://images.yampi.me/assets/stores/ingafert-pecas-agricolas/uploads/images/engrenagem-superior-para-john-deere-refh227474-68471519a55ff-medium.jpg
40972499,sim,nao,Incoparts,,,Palheta Esquerda Maior Para Distribuidor Jan Calcário REF:24504601,sim,nao,JAN;PRODUTOS;PRODUTOS EM PROMOÇÃO;PRODUTOS EM PROMOÇÃO > Principais Produtos,Peças para Maquinarios JAN,,,COMPRA GARANTIDA MERCADO PAGO,palheta-esquerda-para-distribuidor-jan-calcario-ref24504601,,<p>PALHETA MAIOR LADO ESQUERDA DO DISCO DISTRIBUIDOR LANCER JAN </p><p><br /></p><p>COD: 24504601 - ESQUERDA</p><p><br /></p><p>MEDIDAS: </p><p>39 CM DE COMPRIMENTO </p><p>3.3 MM ESPESSURA DA CHAPA</p><p><br /></p><p>APLICACAO: </p><p><br /></p><p>LANCER JAN </p><p>MAXMUS </p><p>MULTIUSO 12000</p><p>DISTRIBUIDOR JAN </p><p>CALCARIO</p>,3,nao,0,,,0,,,,,,,https://www.ingafert.com.br/palheta-esquerda-para-distribuidor-jan-calcario-ref24504601/p,https://images.yampi.me/assets/stores/ingafert-pecas-agricolas/uploads/images/palheta-esquerda-para-distribuidor-jan-calcario-ref24504601-684717241d7eb-medium.jpg
40972536,sim,nao,Incoparts,,,Palheta Calcario Menor Esquerda Para Implemento Jan Ref:24504602,sim,nao,JAN;PRODUTOS;PRODUTOS EM PROMOÇÃO;PRODUTOS EM PROMOÇÃO > Principais Produtos,Peças para Maquinarios JAN,,,COMPRA GARANTIDA MERCADO PAGO,palheta-calcario-menor-para-implemento-jan-ref24504602,,<p>PALHETA MENOR LADO ESQUERDO DO DISCO DISTRIBUIDOR LANCER JAN</p><p>COD: 24504602 - ESQUERDO</p><p><br /></p><p>MEDIDAS:</p><p>29 CM DE COMPRIMENTO</p><p>3.3 MM ESPESSURA DA CHAPA</p><p><br /></p><p>APLICAÇÃO:</p><p><br /></p><p>LANCER JAN</p><p>MAXMUS</p><p>MULTIUSO 12000</p><p>DISTRIBUIDOR JAN</p><p>CALCARIO</p>,3,nao,0,,,0,,,,,,,https://www.ingafert.com.br/palheta-calcario-menor-para-implemento-jan-ref24504602/p,https://images.yampi.me/assets/stores/ingafert-pecas-agricolas/uploads/images/palheta-calcario-menor-para-implemento-jan-ref24504602-68471844cd538-medium.jpg
40972795,sim,nao,Incoparts,,,Cone Para John Deere Ref: H205206-AH208554-AH228819,sim,nao,JOHN DEERE;JOHN DEERE COLHEITADEIRA;PRODUTOS;PRODUTOS EM PROMOÇÃO;PRODUTOS EM PROMOÇÃO > Principais Produtos,,,,COMPRA GARANTIDA MERCADO PAGO,cone-para-john-deere-ref-h205206-ah208554-ah228819,,"<p>1 PEÇA Dente de Separação Colheitadeira John Deere, modelo Separador de Cone Para John Deere Ref: H205206-AH208554-AH228819 é um componente essencial para garantir a eficiência e a performance das suas operações agrícolas.  este item é projetado para atender às exigências das colheitadeiras John Deere, proporcionando um desempenho superior e durabilidade.</p><p><br /></p><p>Com um design robusto e materiais de alta qualidade, o dente de separação assegura uma colheita mais precisa e eficaz, minimizando perdas e maximizando a produtividade. Sua instalação é simples, permitindo que você retome suas atividades rapidamente e com confiança.</p><p><br /></p><p>Ideal para agricultores que buscam otimizar suas máquinas e melhorar a qualidade do trabalho no campo, este produto é uma escolha inteligente para quem valoriza a eficiência. Invista na qualidade e na performance da sua colheitadeira com o Dente de Separação Colheitadeira John Deere.</p>",3,nao,0,,,0,,Cone Para John Deere Ref: H205206-AH208554-AH228819,,,,,https://www.ingafert.com.br/cone-para-john-deere-ref-h205206-ah208554-ah228819/p,https://images.yampi.me/assets/stores/ingafert-pecas-agricolas/uploads/images/cone-para-john-deere-ref-h205206-ah208554-ah228819-68471c0471ae0-medium.jpg
41081812,sim,nao,Incoparts,,,Talhadeira Sulcador Para Plantadeira John Deere KK13478,sim,nao,JOHN DEERE;Peças para Plantadeira;PLANTADEIRA;PRODUTOS EM PROMOÇÃO;PRODUTOS EM PROMOÇÃO > Principais Produtos,PLANTADEIRAS,,,COMPRA GARANTIDA MERCADO PAGO,talhadeira-sulcador-para-plantadeira-john-deere-kk13478,,"<p>A Haste Talhadeira Sulcador é uma peça de reposição de alta qualidade, projetada para garantir o desempenho ideal de seu sulcador em operações agrícolas. Compatível com os modelos CQ57286 e CQ65160, esta haste oferece durabilidade e resistência, essenciais para o trabalho pesado no campo.</p><p>Fabricada com materiais de alta resistência, esta peça assegura uma excelente performance no processo de abertura de sulcos para o plantio, contribuindo para um manejo mais eficiente e preciso. Ideal para quem busca qualidade e robustez em peças de reposição, a haste talhadeira sulcador é a escolha certa para manter sua máquina funcionando perfeitamente.</p><p><strong>Características:</strong></p><p>Compatibilidade:CQ57286 / CQ65160</p><p>Função: Sulco para plantio</p><p>Uso: Peça de reposição para sulcadores agrícolas</p><p>Qualidade garantida: Ideal para operações exigentes no campo</p>",3,nao,0,,,0,,Talhadeira Sulcador Para Plantadeira John Deere KK13478,,,,,https://www.ingafert.com.br/talhadeira-sulcador-para-plantadeira-john-deere-kk13478/p,https://images.yampi.me/assets/stores/ingafert-pecas-agricolas/uploads/images/talhadeira-sulcador-para-plantadeira-john-deere-kk13478-68517ef11e85e-medium.png
41082836,sim,nao,Incoparts,,,Cubo do disco de corte para John Deere REF: CQ75243,sim,nao,JOHN DEERE;PLANTADEIRA;PRODUTOS;PRODUTOS EM PROMOÇÃO;PRODUTOS EM PROMOÇÃO > Principais Produtos,JOHN DEERE,,,COMPRA GARANTIDA MERCADO PAGO,cubo-do-disco-de-corte-para-john-deere-ref-cq75243,,"<p><strong>Especificações do produto:</strong></p><p>Cubo do disco de corte para plantadeiras john deere modelos: 1100, 2109, 2113, 2115, 2117, 2122, 2126, 2130, 2134.</p><p> </p><p><strong>APLICAÇÃO DA PEÇA </strong></p><p><strong>Garantia:</strong> 3 meses após o uso da peça</p>",3,sim,0,,,0,,Cubo do disco de corte para John Deere REF: CQ75243,,,,,https://www.ingafert.com.br/cubo-do-disco-de-corte-para-john-deere-ref-cq75243/p,https://images.yampi.me/assets/stores/ingafert-pecas-agricolas/uploads/images/cubo-do-disco-de-corte-para-john-deere-ref-cq75243-6851936a64e9d-medium.jpg
41130833,sim,nao,Incoparts,,,Eixo Roda Calibradora Lado Direito para Plantadeira John Deere KK45861 CQ54815,sim,nao,JOHN DEERE;Peças para Plantadeira;PLANTADEIRA;PRODUTOS;PRODUTOS EM PROMOÇÃO;PRODUTOS EM PROMOÇÃO > Principais Produtos,,,,COMPRA GARANTIDA MERCADO PAGO,eixo-roda-calibradora-lado-direito-para-plantadeira-john-deere-kk45861-cq54815,,"<p>O eixo da roda Lado Direito calibradora KK45861 > CQ54815 para plantadeiras John Deere é um componente crucial para a profundidade de semeadura. Ele garante que as sementes sejam depositadas na profundidade ideal para uma germinação e desenvolvimento adequados das plantas. Fabricado com materiais resistentes, o eixo assegura a integridade estrutural e o funcionamento eficiente da plantadeira em campo. </p><p><br /></p><p>Principais características: </p><ul><li><strong>Função:</strong></li><li>O eixo da roda calibradora é responsável por manter a profundidade de semeadura desejada, o que é fundamental para o sucesso da plantação. </li><li><strong>Importância:</strong></li><li>Uma profundidade de semeadura adequada garante que as sementes tenham acesso à umidade e nutrientes necessários para germinar e se desenvolver corretamente. </li><li><strong>Material:</strong></li><li>Geralmente, o eixo é feito de materiais de alta qualidade para suportar as forças e tensões durante o trabalho no campo. </li><li><strong>Durabilidade:</strong></li><li>A resistência do material garante que o eixo tenha uma longa vida útil e minimize a necessidade de substituições frequentes. </li><li><strong>Compatibilidade:</strong></li><li>O código KK45861 > CQ54815 indica que o eixo é compatível com modelos específicos de plantadeiras John Deere. </li></ul><p><br /></p>",3,nao,0,,,0,,Eixo Roda Calibradora Lado Direito para Plantadeira John Deere KK45861,,,,,https://www.ingafert.com.br/eixo-roda-calibradora-lado-direito-para-plantadeira-john-deere-kk45861-cq54815/p,https://images.yampi.me/assets/stores/ingafert-pecas-agricolas/uploads/images/eixo-roda-calibradora-lado-direito-para-plantadeira-john-deere-kk45861-cq54815-6855a0434623d-medium.jpg
41131478,sim,nao,Incoparts,,,Eixo esquerdo da roda Cobridora Plandeira John Deere- CQ54814 / KK45862,sim,nao,JOHN DEERE;Peças para Plantadeira;PLANTADEIRA;PRODUTOS;PRODUTOS EM PROMOÇÃO;PRODUTOS EM PROMOÇÃO > Principais Produtos,,,,COMPRA GARANTIDA MERCADO PAGO,eixo-esquerdo-da-roda-cobridora-plandeira-john-deere-cq54814-kk45862,,"<p>Apresentamos o Eixo Esquerdo da Roda Cobridora JD - CQ54814 / KK45862 , uma escolha ideal para quem busca qualidade e durabilidade. Fabricado pela Incoparts, este componente é feito em aço, um material conhecido por sua resistência e confiabilidade em condições de uso intensivo.</p><p><br /></p><p>Com o modelo CQ54814 / KK45862, este eixo se destaca pela sua precisão na fabricação, garantindo uma excelente performance para sua roda cobridora. Cada detalhe foi pensado para proporcionar o melhor desempenho e adaptabilidade ao seu equipamento, aumentando a eficiência e segurança nas operações.</p><p><br /></p><p>Com um design otimizado, este eixo é perfeito para substituir peças desgastadas, oferecendo uma instalação facilitada e sem complicações. Pense em cuidar do seu equipamento com componentes que realmente fazem a diferença na performance e na vida útil.</p><p><br /></p><p>Invista na qualidade e na confiança de um produto que atende as exigências do seu dia a dia. Não deixe passar a oportunidade de potencializar seus resultados com este eixo de alta performance.</p>",3,nao,0,,,0,,Eixo esquerdo da roda Cobridora Plandeira John Deere- CQ54814 / KK4586,,,,,https://www.ingafert.com.br/eixo-esquerdo-da-roda-cobridora-plandeira-john-deere-cq54814-kk45862/p,https://images.yampi.me/assets/stores/ingafert-pecas-agricolas/uploads/images/eixo-esquerdo-da-roda-cobridora-plandeira-john-deere-cq54814-kk45862-6855a0887817f-medium.png
41137050,sim,nao,Incoparts,,,Condutor do Adubo para Plantadeira John Deere Ref: CQ50543,sim,nao,JOHN DEERE;Peças para Plantadeira;PLANTADEIRA;PRODUTOS;PRODUTOS EM PROMOÇÃO > Principais Produtos,PLANTADEIRAS,,,COMPRA GARANTIDA MERCADO PAGO,condutor-do-adubo-para-plantadeira-john-deere-ref-cq50543,,"<p>O Condutor Adubo para Plantadeira John Deere CQ50543 da marca Incoparts é um componente essencial para quem busca o melhor desempenho na agricultura. Com 10 unidades, este produto é ideal para otimizar a aplicação de adubos, garantindo uma distribuição uniforme e eficiente nas culturas.</p><p><br /></p><p>Desenvolvido para atender as exigências dos agricultores, o modelo CQ50543 foi projetado com materiais de alta qualidade, proporcionando durabilidade e resistência ao desgaste. Seu design exclusivo facilita a instalação e o manuseio, permitindo que o agricultor concentre seus esforços nas práticas produtivas.</p><p><br /></p><p>A perfeita compatibilidade com as plantadeiras John Deere assegura que você esteja utilizando um produto que respeita os padrões de desempenho da marca. Isto resulta em uma colheita mais abundante e saudável, refletindo diretamente na qualidade final do seu cultivo.</p><p><br /></p><p>Invista em tecnologia de ponta para sua produção agrícola e sinta a diferença na eficiência da sua plantadeira. Com o Condutor Adubo CQ50543, cada ciclo de plantio se tornará mais produtivo e rentável, contribuindo para o sucesso do seu negócio.</p>",3,nao,0,,,0,,,,,,,https://www.ingafert.com.br/condutor-do-adubo-para-plantadeira-john-deere-ref-cq50543/p,https://images.yampi.me/assets/stores/ingafert-pecas-agricolas/uploads/images/condutor-do-adubo-para-plantadeira-john-deere-ref-cq50543-6855be06aba19-medium.png
41137250,sim,nao,Incoparts,,,Cubo da Roda para Plantadeira John Deere Ref: CQ43597,sim,nao,JOHN DEERE;Peças para Plantadeira;PLANTADEIRA;PRODUTOS;PRODUTOS EM PROMOÇÃO;PRODUTOS EM PROMOÇÃO > Principais Produtos,PLANTADEIRAS,,,COMPRA GARANTIDA MERCADO PAGO,cubo-da-roda-para-plantadeira-john-deere-ref-cq43597,,"<p>O Cubo da Roda para Plantadeira John Deere CQ43497, é a solução ideal para agricultores que buscam eficiência e durabilidade em suas máquinas. Com uma robustez garantida pelo material em aço, este componente assegura uma performance superior nas atividades de plantio, oferecendo a resistência necessária para enfrentar os desafios do campo.</p><p><br /></p><p>Além disso, o Cubo da Roda apresenta especificações técnicas que favorecem sua instalação em diversas condições operacionais, assegurando que a distância entre os furos seja compatível com as exigências da sua plantadeira. Cada detalhe foi desenvolvido para proporcionar um equilíbrio entre qualidade e funcionalidade, oferecendo assim uma experiência mais segura e produtiva.</p><p><br /></p><p>Ao escolher este produto, você investe na confiabilidade de um componente que é vital para o desempenho da sua máquina. A aquisição do Cubo da Roda para Plantadeira John Deere CQ43497 representa um passo em direção à excelência no cultivo, facilitando suas atividades e melhorando os resultados em suas colheitas.</p>",3,sim,0,,,0,,Cubo de roda para John deere REF:CQ43597,"O Cubo da Roda para Plantadeira John Deere CQ43497,  é a solução ideal para agricultores que buscam eficiência e durabilidade em suas máquinas. Com uma robustez...",,,"O Cubo da Roda para Plantadeira John Deere CQ43497, é a solução ideal para agricultores que buscam eficiência e durabilidade em suas máquinas. Com uma robustez garantida pelo material em aço, este componente assegura uma performance superior nas atividades de plantio, oferecendo a resistência necessária para enfrentar os desafios do campo.",https://www.ingafert.com.br/cubo-da-roda-para-plantadeira-john-deere-ref-cq43597/p,https://images.yampi.me/assets/stores/ingafert-pecas-agricolas/uploads/images/cubo-da-roda-para-plantadeira-john-deere-ref-cq43597-6855c1a37fdd5-medium.jpg
41276073,sim,nao,Incoparts,,,5 Unidades Eixo do Disco Dianteiro Lado esquerdo Plantadeira John Deere REF: CQ48794- KK41067,sim,nao,Peças para Plantadeira;PLANTADEIRA;PRODUTOS EM PROMOÇÃO;PRODUTOS EM PROMOÇÃO > Principais Produtos,,,,COMPRA GARANTIDA MERCADO PAGO,5-unidades-eixo-dainteiro-ref-cq48785-kk41066,,"<p>Aumente a eficiência do seu veículo agrícola com as 5 Unidades Eixo Lado Direito, referência Cq48795 Kk41066. Fabricados em aço de alta resistência, esses eixos garantem uma durabilidade excepcional, ideal para trabalhadores do campo que buscam confiabilidade em suas máquinas. Cada unidade pesa apenas 0.3 kg, facilitando a instalação e manuseio.</p><p><br /></p><p>Com dimensões compactas de 19 cm de altura, 12 cm de largura e 7 cm de comprimento, as embalagens são projetadas para otimizar o espaço durante o transporte e armazenamento. A marca Incoparts é reconhecida pela sua qualidade superior e compromisso com a satisfação dos clientes, trazendo inovação e tecnologia para o setor agrícola. </p><p><br /></p><p>Ao escolher o Eixo Lado Direito, você estará investindo numa peça fundamental para o desempenho do seu veículo, promovendo maior produtividade e menos tempo de inatividade. Melhore sua operação agrícola com esses componentes essenciais que atendem aos mais altos padrões de exigência do setor.</p>",3,nao,0,,,0,,,,,,,https://www.ingafert.com.br/5-unidades-eixo-dainteiro-ref-cq48785-kk41066/p,https://images.yampi.me/assets/stores/ingafert-pecas-agricolas/uploads/images/5-unidades-eixo-dainteiro-ref-cq48785-kk41066-68629f756f174-medium.jpg
41282455,sim,nao,Incoparts,,,Suporte Multi Sucator com Bucha REF: CQ48549 KK14385,sim,nao,JOHN DEERE;PLANTADEIRA;PRODUTOS;PRODUTOS EM PROMOÇÃO > Principais Produtos,,,,COMPRA GARANTIDA MERCADO PAGO,suporte-multi-sucator-com-bucha-ref-cq48549-kk14385,,"<p>O Suporte Multi Do Sulcador Com Bucha Ref:48549  é muma solução ideal para quem busca eficiência e praticidade em seus projetos. Com dimensões de 40 cm de altura, 13 cm de comprimento e 20 cm de largura, este produto é desenvolvido para atender às necessidades de quem realiza tarefas de separação e limpeza. O peso de 648 g confere uma robustez ideal, garantindo durabilidade e resistência no uso diário.</p><p><br /></p><p>Este modelo CQ48549 é projetado para facilitar a aplicação em diversos ambientes, tornando-o uma escolha versátil para profissionais e entusiastas de reformas. A qualidade dos materiais utilizados assegura um desempenho confiável, enquanto o design acurado contribui para uma experiência de uso mais fluida e eficaz. Ao utilizar o suporte, você terá maior controle e precisão nas suas atividades, promovendo uma melhor organização do espaço.</p><p><br /></p><p>Ideal para quem prioriza a funcionalidade e a eficiência, este suporte é uma adição imprescindível a qualquer kit de ferramentas. Sua facilidade de manuseio e instalação torna-o acessível a todos, independentemente do nível de experiência. Invista em qualidade e eficiência para aprimorar sua rotina de trabalho com o Suporte Multi Do Sulcador Com Bucha Ref:48549.</p>",3,sim,0,,,0,,Suporte Multi Sucator com Bucha REF: CQ48549-KK14385,,,,,https://www.ingafert.com.br/suporte-multi-sucator-com-bucha-ref-cq48549-kk14385/p,https://images.yampi.me/assets/stores/ingafert-pecas-agricolas/uploads/images/suporte-multi-sucator-com-bucha-ref-cq48549-kk14385-6862be4e28cbf-medium.jpg
41293961,sim,nao,Incoparts,,,Suporte do Disco Desencontrado 13.0 MM Para John Deere REf: CQ48540,sim,nao,JOHN DEERE;PLANTADEIRA;PRODUTOS;PRODUTOS EM PROMOÇÃO;PRODUTOS EM PROMOÇÃO > Principais Produtos,,,,COMPRA GARANTIDA MERCADO PAGO,suporte-do-disco-desencontrado-130-mm-para-john-deere-ref-cq48540,,"<p class=""ql-align-justify"">Suporte disco desencontrado com furo de 13 mm, disco duplo para adubo, plantadeira john deere. </p><p class=""ql-align-justify""> </p><p class=""ql-align-justify""><strong style=""color:rgb(255,75,0);"">INFORMAÇÕES </strong></p><p class=""ql-align-justify""><strong>Medidas:</strong></p><p class=""ql-align-justify"">Altura: 50 cm</p><p class=""ql-align-justify"">Largura: 50 cm</p><p class=""ql-align-justify"">Profundidade: 20 cm</p><p class=""ql-align-justify""><strong>Peso: </strong> 9 kg</p><p class=""ql-align-justify""><strong>Marca: </strong>Jonh Deere.</p><p class=""ql-align-justify""><strong>Garantia:</strong> 3 meses após o uso da peça.</p><p><br /></p>",3,sim,0,,,0,,Suporte do Disco Desencontrado 13.0 MM Para John Deere REf: CQ48540,,,,,https://www.ingafert.com.br/suporte-do-disco-desencontrado-130-mm-para-john-deere-ref-cq48540/p,https://images.yampi.me/assets/stores/ingafert-pecas-agricolas/uploads/images/suporte-do-disco-desencontrado-130-mm-para-john-deere-ref-cq48540-6863dcaedb2fb-medium.jpg
41309605,sim,nao,Incoparts,,,"Dedo Retrátil Para Colheitadeiras CNH, New Holland, Case Código 84194057",sim,nao,"CASE IH;JOHN DEERE COLHEITADEIRA;NEW HOLLAND > COLHEITADEIRA;Peças para Colheitadeira New Holland, Case, John Deere e Mais | Ingafe;PRODUTOS;PRODUTOS EM PROMOÇÃO;PRODUTOS EM PROMOÇÃO > Principais Produtos",,,,COMPRA GARANTIDA MERCADO PAGO,dedo-retratil-para-colheitadeiras-cnh-new-holland-case-codigo-84194057,,"<p><br /></p><p><span style=""color:rgb(114,114,115);"">Dedo Retrátil Para Colheitadeiras CNH, New Holland, Case Código 84194057</span></p><p><br /></p><p><span style=""color:rgb(114,114,115);"">Equipamentos Compatíveis: Draper 880CF, Draper 3152, Draper 3162, 740CF, 3020</span></p><p><span style=""color:rgb(114,114,115);"">Códigos Original: 84194057</span></p><p><span style=""color:rgb(114,114,115);"">Características Gerais do Produto:</span></p><p><span style=""color:rgb(114,114,115);"">  Aplicação: New Holland; Case</span></p><p><span style=""color:rgb(114,114,115);"">  Furação: Furo 3,5mm</span></p><p><span style=""color:rgb(114,114,115);"">  Tabela de Medidas: Comprimento 260mm (26cm)</span></p>",3,sim,0,,,0,,,,,,,https://www.ingafert.com.br/dedo-retratil-para-colheitadeiras-cnh-new-holland-case-codigo-84194057/p,https://images.yampi.me/assets/stores/ingafert-pecas-agricolas/uploads/images/dedo-retratil-para-colheitadeiras-cnh-new-holland-case-codigo-84194057-686564ee4a28a-medium.png
41311730,sim,nao,Incoparts,,,Dedo Levantador Feijao S300 para John Deere REF:DQ01085 AH159210,sim,nao,JOHN DEERE;JOHN DEERE COLHEITADEIRA;PRODUTOS;PRODUTOS EM PROMOÇÃO;PRODUTOS EM PROMOÇÃO > Principais Produtos,Peças Agrícolas em destaque,,,COMPRA GARANTIDA MERCADO PAGO,dedo-levantador-feijao-s300-para-john-deererefdq01085-ah159210,,"<p>O Dedo Levantador De Feijão S300, Para Linha John Deere código referência DQ01085-1 e AH159210 ,</p><p><br /></p><p><strong>REF: DQ01085 / AH159210</strong></p><p>Peça desenvolvida para auxiliar o recolhimento e levantamento da cultura durante a colheita, reduzindo perdas e melhorando o desempenho da plataforma. Fabricado com materiais resistentes, oferece durabilidade e excelente desempenho em condições de trabalho severas.</p><p>  Compatível com colhedoras John Deere S300</p><p>   Referências: DQ01085 / AH159210</p><p>   Alta resistência e durabilidade</p><p>   Produto de qualidade para reposição</p><p><strong>Ingafert Peças Agrícolas   Fazendo sua colheita não parar.</strong>   </p><p><br /></p>",3,nao,0,,,0,,Dedo Levantador Feijao S300 para John Deere REF:DQ01085 AH159210,"Dedo Levantador S300 para John Deere Ref. DQ01085 AH159210. Peça de alta resistência, encaixe preciso e envio para todo o Brasil.",,,,https://www.ingafert.com.br/dedo-levantador-feijao-s300-para-john-deererefdq01085-ah159210/p,https://images.yampi.me/assets/stores/ingafert-pecas-agricolas/uploads/images/dedo-levantador-feijao-s300-para-john-deererefdq01085-ah159210-686587afba37f-medium.jpg
41367402,sim,nao,Incoparts,,,Polia Variadora Batedor Traseiro Tc 57/59 Ref:84026079,sim,nao,NEW HOLLAND > COLHEITADEIRA;PRODUTOS;PRODUTOS EM PROMOÇÃO;PRODUTOS EM PROMOÇÃO > Principais Produtos,Peças Agrícolas em destaque,,,COMPRA GARANTIDA MERCADO PAGO,polia-variadora-batedor-traseiro-tc-5759-ref84026079,,"<p>Descrição do Produto: Polia Variadora Batedor Traseiro TC57 / TC59   Ref. 84026079</p><p>A Polia Variadora do Batedor Traseiro é uma peça essencial para o bom funcionamento das colheitadeiras New Holland modelos TC57 e TC59. Responsável por ajustar a velocidade do batedor traseiro, ela garante maior precisão na colheita e menor desgaste dos componentes.</p><p><br /></p><p>Este modelo, referência 84026079, oferece alta durabilidade, excelente desempenho e é fabricado com materiais resistentes para suportar as condições severas do campo.</p><p><br /></p><p>Características Técnicas:</p><p>Compatível com: New Holland TC57 e TC59</p><p><br /></p><p>Função: Variação da velocidade do batedor traseiro</p><p><br /></p><p>Código original: 84026079, 84991647, 84278618</p><p><br /></p><p>Produto de alta qualidade e pronto para instalação</p>",3,sim,0,,,0,,Polia Variadora TC57 TC59 Batedor Traseiro | Ref. 84026079,Compre Polia Variadora do Batedor Traseiro para New Holland TC57 e TC59. Ref. 84026079 com envio rápido e qualidade garantida. Só na Ingafert!,,,,https://www.ingafert.com.br/polia-variadora-batedor-traseiro-tc-5759-ref84026079/p,https://images.yampi.me/assets/stores/ingafert-pecas-agricolas/uploads/images/polia-variadora-batedor-traseiro-tc-5759-ref84026079-686bcac335653-medium.jpg
41466256,sim,nao,Incoparts,,,Cj Sulcador Adubo Curvo Sistema Desarme Automatico Premier REF: 406372,sim,nao,Peças para Plantadeira;PLANTADEIRA;PLANTI CENTER;PRODUTOS;PRODUTOS EM PROMOÇÃO;PRODUTOS EM PROMOÇÃO > Principais Produtos,,,,COMPRA GARANTIDA MERCADO PAGO,cj-sulcador-adubo-curvo-sistema-desarme-automatico-premier,,"<p>Código referência: 406372</p><p>Marca: Incoparts</p><p>Compatibilidade: Linha Planti center</p><p> Cj Sulcador Adubo Curvo Sistema Desarme Automático Premier, um item indispensável para aqueles que buscam eficiência na preparação do solo.  este modelo é perfeito para optimizar o trabalho na sua horta ou jardim. Com uma altura de embalagem de 30 cm, largura de 19 cm e comprimento de 15 cm, ele se destaca pela sua ergonomia que proporciona maior conforto durante o uso.</p><p><br /></p><p>Com um peso de 4642 g, este sulcador é fácil de manusear e transportar, tornando suas atividades de cultivo mais práticas e eficientes. O sistema de desarme automático garante segurança e agilidade durante o trabalho, permitindo um controle melhor sobre a intensidade da ação. Esse produto é ideal para cultivadores que desejam maximizar a produtividade e obter melhores resultados no solo.</p><p><br /></p><p>Ao escolher o Cj Sulcador Adubo Curvo, você investe em um equipamento robusto e de alta qualidade, projetado para durar e oferecer um desempenho excepcional. Destaca-se em sua categoria por sua versatilidade e funcionalidade, sendo uma excelente adição ao seu conjunto de ferramentas de jardinagem ou agricultura. Nunca foi tão fácil cuidar do seu espaço verde com tecnologia que facilitaria seu dia a dia.</p>",3,sim,0,,,0,,Cj Sulcador Adubo Curvo Sistema Desarme Automatico Premier REF: 406372,Cj Sulcador Adubo Curvo Sistema Desarme Automático Premier,,,,https://www.ingafert.com.br/cj-sulcador-adubo-curvo-sistema-desarme-automatico-premier/p,https://images.yampi.me/assets/stores/ingafert-pecas-agricolas/uploads/images/cj-sulcador-adubo-curvo-sistema-desarme-automatico-premier-687555b685f77-medium.jpg
41694234,sim,nao,Incoparts,,84339090,5 Unidades Eixo Do Disco L.e. Ref: Cq29079,sim,nao,JOHN DEERE;PLANTADEIRA;PRODUTOS;PRODUTOS EM PROMOÇÃO;PRODUTOS EM PROMOÇÃO > Principais Produtos,,,,COMPRA GARANTIDA MERCADO PAGO,eixo-disco-le-colheitadeira,,"<p>ENTREGA IMEDIATA</p><p>COMPATIVEL : JOHN DEERE</p><p>5 UNIDADES</p><p><br /></p><p>O EIXO DO DISCO L.E. REF: CQ29079 da marca INCOPARTS é ideal para quem busca eficiência e durabilidade em equipamentos agrícolas. Este produto, fabricado no Brasil, é projetado para atender as exigências do setor agropecuário, proporcionando desempenho superior em suas operações diárias. Com uma construção robusta, o eixo garante resistência e longa vida útil, mesmo sob condições exigentes.</p><p><br /></p><p>Desenvolvido especificamente para veículos agrícolas, o EIXO DO DISCO L.E. é a escolha certa para otimizar a performance de suas máquinas. Sua compatibilidade e confiabilidade tornam-no um componente essencial para garantir que suas operações agrícolas sem interrupções. Invista na qualidade e confiança que a marca INCOPARTS oferece para maximizar sua produtividade no campo.</p>",0,nao,0,,,0,,Eixo Disco L.E. Compatível com John Deere,Compre Eixo do Disco Lado Esquerdo para colheitadeira com qualidade e pronta entrega. Envio rápido em todo o Brasil. Peças agrícolas é na Ingafert!,,,,https://www.ingafert.com.br/eixo-disco-le-colheitadeira/p,https://images.yampi.me/assets/stores/ingafert-pecas-agricolas/uploads/images/5-unidades-eixo-do-disco-le-ref-cq29079-688941bd9037f-medium.png
41694335,sim,nao,Incoparts,,,5 UNIDADESCONJUNTO TELESCÓPICO - 490 mm JUMIL,sim,nao,JUMIL,JUMIL,,,COMPRA GARANTIDA MERCADO PAGO,conjunto-telescopico-490mm-jumil,,"<p><strong>Conjunto Telescópico 490 mm   Jumil | Peça de Alta Durabilidade</strong></p><p> O Conjunto Telescópico 490 mm da marca <strong>Jumil</strong> é essencial para garantir o funcionamento preciso e seguro em plantadeiras e implementos agrícolas. Fabricado com materiais resistentes e excelente acabamento, oferece <strong>ajuste ideal</strong>, <strong>robustez</strong> e <strong>longa vida útil</strong>, mesmo sob uso intenso no campo.</p><p>  Compatível com modelos Jumil</p><p>   Medida: 490 mm</p><p>   Produto novo, com garantia</p><p>   Envio rápido para todo o Brasil</p><p>  Compre com confiança na <strong>Ingafert</strong>. Suporte especializado pelo WhatsApp: (44) 99176-1851.</p><p><br /></p><p><br /></p><p><br /></p><p><br /></p><p><br /></p><p><br /></p><p><br /></p><p><br /></p><p><br /></p><p><br /></p><p><br /></p><p>Perguntar ao ChatGPT</p><p><br /></p><p><br /></p><p><br /></p>",0,sim,0,,,0,,Conjunto Telescópico 490 mm Jumil   Peça Agrícola,"Compre Conjunto Telescópico 490 mm para plantadeiras Jumil. Peça agrícola resistente, pronta entrega e envio rápido para todo o Brasil. Ingafert!",,,,https://www.ingafert.com.br/conjunto-telescopico-490mm-jumil/p,https://images.yampi.me/assets/stores/ingafert-pecas-agricolas/uploads/images/5-unidadesconjunto-telescopico-490-mm-jumil-6889466754649-medium.jpeg
41695152,sim,nao,Incoparts,,,Conjunto Cx De Transmissão Completo Para Jumil Ref:2747624,sim,nao,CATALOGO;JUMIL;Peças para Plantadeira;PRODUTOS;PRODUTOS EM PROMOÇÃO;PRODUTOS EM PROMOÇÃO > Principais Produtos,,,,COMPRA GARANTIDA MERCADO PAGO,conjunto-caixa-transmissao-completo-jumil-2747624,,"<p><strong>Conjunto Caixa de Transmissão Completo para Jumil   Ref. 2747624 | Peça Original com Alta Durabilidade</strong></p><p><strong>O Conjunto da Caixa de Transmissão Jumil Ref. 2747624</strong> é uma peça fundamental para garantir o bom funcionamento da plantadeira. Produzido com materiais de alta resistência, esse conjunto oferece <strong>eficiência na transmissão de força</strong>, maior vida útil e excelente desempenho no campo, mesmo em condições severas de trabalho.</p><p>Ideal para agricultores que buscam qualidade, reposição confiável e entrega rápida. A <strong>Ingafert</strong> trabalha com as melhores marcas do mercado agrícola para garantir a performance da sua lavoura.</p><p><strong>  Compatível com modelos de plantadeiras Jumil</strong></p><p><strong>   Referência original: 2747624</strong></p><p><strong>   Produto completo e pronto para instalação</strong></p><p><strong>   Envio imediato para todo o Brasil</strong></p><p><strong>   Suporte via WhatsApp (44) 99176-1851</strong></p>",3,nao,0,<p>DIMENSÕES: 80 mm x 95 mm</p><p>PESO: 1.450 Gramas</p><p>APLICAÇÃO: JM3060/3070 POP 2570/2670</p>,,0,,Conjunto Caixa de Transmissão Completo para Jumil   Ref. 2747624,"Compre Conjunto Caixa de Transmissão Completo Jumil Ref. 2747624. Peça agrícola resistente, pronta entrega e envio rápido para todo o Brasil. É na Ingafert!",,,,https://www.ingafert.com.br/conjunto-caixa-transmissao-completo-jumil-2747624/p,https://images.yampi.me/assets/stores/ingafert-pecas-agricolas/uploads/images/conjunto-cx-de-transmissao-completo-para-jumil-ref2747624-688d41167e7a7-medium.jpeg
41698194,sim,nao,Incoparts,,,Conjunto Catraca Lado Esquerdo para Plantadeira Jumil REF: 2738428,sim,nao,JUMIL;Peças para Plantadeira;PLANTADEIRA;PRODUTOS;PRODUTOS EM PROMOÇÃO;PRODUTOS EM PROMOÇÃO > Principais Produtos,,,,COMPRA GARANTIDA MERCADO PAGO,conjunto-catraca-lado-esquerdo-para-plantadeira-jumil,,<p><strong>Produto:</strong> Conjunto Catraca</p><p><strong>Aplicação:</strong> Lado Esquerdo</p><p><strong>Compatibilidade:</strong> Plantadeiras Jumil</p><p><strong>Função:</strong> Transmissão e sincronização de movimentos no sistema de plantio</p><p><strong>Material:</strong> Aço reforçado com alta durabilidade</p><p><strong>Origem:</strong> Nacional</p><p><strong>Garantia:</strong> 3 meses contra defeitos de fabricação</p><p><strong>Código : 2738428</strong></p>,3,sim,0,,,0,,Conjunto Catraca Lado Esquerdo para Plantadeira Jumil REF: 2738428,"Se você está buscando uma reposição confiável e resistente, o Conjunto Catraca Lado Esquerdo para Plantadeira Jumil é a escolha certa. Fabricado com materiais d...",,,,https://www.ingafert.com.br/conjunto-catraca-lado-esquerdo-para-plantadeira-jumil/p,https://images.yampi.me/assets/stores/ingafert-pecas-agricolas/uploads/images/conjunto-catraca-lado-esquerdo-para-plantadeira-jumil-688a0b1345d5c-medium.jpeg
41712483,sim,nao,Incoparts,,,Levantador De Dedo Case Ref: 1326538C91,sim,nao,"CASE IH;Peças para Colheitadeira New Holland, Case, John Deere e Mais | Ingafe;PRODUTOS;PRODUTOS EM PROMOÇÃO;PRODUTOS EM PROMOÇÃO > Principais Produtos",,,,COMPRA GARANTIDA MERCADO PAGO,dedo-levantador-case-ih-ref-1326538c91,,"<p>Dedo Levantador de Feijão Case IH Ref. 1326538C91</p><p><br /></p><p>Garanta a colheita eficiente do feijão com o dedo levantador compatível com plataformas Case IH que utilizam dedos simples. Produzido em aço de alta resistência, ele foi projetado para levantar as vagens próximas ao solo, reduzindo perdas e aumentando o rendimento da lavoura.</p><p><br /></p><p>Especificações técnicas:</p><p><br /></p><ul><li>Referência: 1326538C91</li><li>Aplicação: Plataformas de colheita Case IH</li><li>Tipo: Dedo levantador de feijão (modelo simples)</li><li>Material: Aço reforçado</li><li>Acabamento: Pintura anticorrosiva</li></ul><p><br /></p><p><br /></p><p>Benefícios:</p><p><br /></p><ul><li>Melhora a eficiência da colheita</li><li>Reduz perdas no campo</li><li>Fácil instalação e encaixe preciso</li><li>Alta durabilidade e resistência</li></ul><p><br /></p><p><br /></p><p>Ideal para produtores que buscam performance e economia na colheita. Produto com qualidade garantida Ingafert.</p>",3,sim,0,,,0,,Dedo Levantador para Plataforma Case IH   Ref. 1326538C91,"O Dedo Levantador Case IH Ref. 1326538C91 é a peça ideal para garantir um melhor fluxo e eficiência na colheita, especialmente em plataformas de grãos. Com fabr...",,,,https://www.ingafert.com.br/dedo-levantador-case-ih-ref-1326538c91/p,https://images.yampi.me/assets/stores/ingafert-pecas-agricolas/uploads/images/levantador-de-dedo-case-ref-1326538c91-688b627183544-medium.jpg
41712503,sim,nao,Incoparts,,,Kit com 10Uni Dedo Levantador de Feijao Case Ref: 1326538C91,sim,nao,"CASE IH;Peças para Colheitadeira New Holland, Case, John Deere e Mais | Ingafe;PRODUTOS;PRODUTOS EM PROMOÇÃO;PRODUTOS EM PROMOÇÃO > Principais Produtos",,,,COMPRA GARANTIDA MERCADO PAGO,kit-com-10uni-dedo-levantador-de-feijao-case-ref-1326538c91,,"<p>Dedo Levantador de Feijão Case IH   Ref. 1326538C91</p><p><br /></p><p>Garanta a colheita eficiente do feijão com o dedo levantador original da Ingafert, compatível com plataformas Case IH que utilizam dedos simples. Produzido em aço de alta resistência, ele foi projetado para levantar as vagens próximas ao solo, reduzindo perdas e aumentando o rendimento da lavoura.</p><p><br /></p><p>  Especificações técnicas:</p><p><br /></p><ul><li>Referência: 1326538C91</li><li>Aplicação: Plataformas de colheita Case IH</li><li>Tipo: Dedo levantador de feijão (modelo simples)</li><li>Material: Aço reforçado</li><li>Acabamento: Pintura anticorrosiva</li></ul><p><br /></p><p><br /></p><p>  Benefícios:</p><p><br /></p><ul><li>Melhora a eficiência da colheita</li><li>Reduz perdas no campo</li><li>Fácil instalação e encaixe preciso</li><li>Alta durabilidade e resistência</li></ul><p><br /></p><p><br /></p><p>  Ideal para produtores que buscam performance e economia na colheita. Produto com qualidade garantida Ingafert.</p><p><br /></p>",3,sim,0,,,0,,KIT 10UNI Dedo Levantador para Plataforma Case IH   Ref. 1326538C91,"O Dedo Levantador Case IH Ref. 1326538C91 é a peça ideal para garantir um melhor fluxo e eficiência na colheita, especialmente em plataformas de grãos. Com fabricação reforçada e encaixe perfeito, proporciona o levantamento uniforme do feijão e outros grãos baixos, reduzindo perdas e otimizando o desempenho da colheitadeira.  Compatível com plataformas Case IH  Fabricado com aço de alta durabilidade  Produto de confiança, com envio imediato  Ideal para reposição preventiva e corretiva  Peça essencial para a produtividade no campoInvista em desempenho e colheita eficiente com peças da Ingafert, sua loja de confiança em peças agrícolas.",,,,https://www.ingafert.com.br/kit-com-10uni-dedo-levantador-de-feijao-case-ref-1326538c91/p,https://images.yampi.me/assets/stores/ingafert-pecas-agricolas/uploads/images/kit-com-10uni-dedo-levantador-de-feijao-case-ref-1326538c91-688b630d1c097-medium.png
41804159,sim,nao,Incoparts,,84329090,CONJUNTO CATRACA LADO DIREITO - PLANTADEIRA JUMIL REF: 2738427,sim,nao,JUMIL;Peças para Plantadeira;PLANTADEIRA;PRODUTOS;PRODUTOS EM PROMOÇÃO;PRODUTOS EM PROMOÇÃO > Principais Produtos,,,,COMPRA GARANTIDA MERCADO PAGO,conjunto-catraca-direito-plantadeira-jumil-ing2738427,,"<p>O Conjunto Catraca Lado Direito Plantadeira Jumil, referência 2738427, é a solução ideal para quem busca eficiência e durabilidade em suas operações agrícolas. este produto se destaca pela sua robustez e confiabilidade, otimizando o desempenho de sua plantadeira.</p><p><br /></p><p>Desenvolvido para atender às exigências do campo, este conjunto é essencial para assegurar que suas máquinas funcionem perfeitamente. Com uma instalação simples, ele promove manutenção prática e efetiva, aumentando a vida útil do equipamento.</p><p><br /></p><p>Tenha a certeza de que você estará utilizando um produto de alta qualidade, projetado para proporcionar o melhor rendimento nas atividades agrícolas. Invista em tecnologia que favorece a produtividade e a eficiência do seu trabalho.</p>",3,sim,0,,,0,,Conjunto Catraca Lado Direito para Plantadeira Jumil | Ref. ING2738427,"Encontre o Conjunto Catraca Lado Direito para Plantadeira Jumil Ref. ING2738427 na Ingafert. Alta durabilidade, fácil instalação e compatibilidade garantida. En...",,,,https://www.ingafert.com.br/conjunto-catraca-direito-plantadeira-jumil-ing2738427/p,https://images.yampi.me/assets/stores/ingafert-pecas-agricolas/uploads/images/conjunto-catraca-lado-direito-plantadeira-jumil-ref-2738427-6894a49707511-medium.jpeg
41857705,sim,nao,Incoparts,,84339090,5uni Conjunto Telescópico - 1.127 Mm PLANTADEIRA JUMIL,sim,nao,JUMIL;Peças para Plantadeira;PRODUTOS;PRODUTOS EM PROMOÇÃO;PRODUTOS EM PROMOÇÃO > Principais Produtos,,,,COMPRA GARANTIDA MERCADO PAGO,conjunto-telescopico-5un-1127mm-jumil,,"<p><span style=""background-color:rgb(255,255,255);color:rgba(0,0,0,0.55);"">CONJUNTO COMPLETO</span></p><p><span style=""background-color:rgb(255,255,255);color:rgba(0,0,0,0.55);"">QUANTIDADE: 5 UNIDADES</span></p><p><span style=""background-color:rgb(255,255,255);color:rgba(0,0,0,0.55);"">CODIGO REFERENCIA: </span><strong style=""background-color:rgb(255,255,255);color:rgba(0,0,0,0.55);"">2732820</strong></p><p><span style=""background-color:rgb(255,255,255);color:rgba(0,0,0,0.55);"">MAQUINARIO: </span><strong style=""background-color:rgb(255,255,255);color:rgba(0,0,0,0.55);"">JUMIL</strong></p><p><br /></p><p><span style=""background-color:rgb(255,255,255);color:rgba(0,0,0,0.55);"">O Conjunto Telescópico 5Uni - 1.127 mm Plantadeira Jumil, da marca Incoparts, é a solução ideal para quem busca eficiência e praticidade em atividades agrícolas. Com um design robusto, esse produto é projetado para facilitar o manuseio e o transporte, tornando-se uma ferramenta indispensável para o seu trabalho no campo.</span></p><p><br /></p><p><span style=""background-color:rgb(255,255,255);color:rgba(0,0,0,0.55);"">Com um comprimento ajustável de 1.127 mm, este conjunto permite adaptação a diferentes necessidades de uso, garantindo excelente desempenho em diversas situações. Sua construção sólida e durável assegura que você tenha um equipamento confiável, pronto para enfrentar os desafios do dia a dia na agricultura.</span></p><p><br /></p><p><span style=""background-color:rgb(255,255,255);color:rgba(0,0,0,0.55);"">Este conjunto é perfeito para profissionais que valorizam a qualidade e a funcionalidade em cada tarefa. Seja para plantio ou manutenção, você encontrará neste produto a tecnologia necessária para otimizar seu trabalho e maximizar os resultados.</span></p><p><br /></p><p><span style=""background-color:rgb(255,255,255);color:rgba(0,0,0,0.55);"">Invista no Conjunto Telescópico 5Uni e eleve a eficiência do seu trabalho agrícola. Conheça a confiança que a marca Incoparts proporciona e experimente a diferença de um produto desenvolvido para atender as suas exigências.</span></p>",3,sim,0,,,0,,Conjunto Telescópico 5Un 1.127mm para Jumil,"Conjunto Telescópico 5 Unidades 1.127mm para Plantadeira Jumil - IncopartsAumente a produtividade no campo com o Conjunto Telescópico 5Un - 1.127 mm, compatível com plantadeiras Jumil. este conjunto é ideal para agricultores que buscam durabilidade, desempenho e fácil adaptação em operações agrícolas.  Quantidade: 5 unidades  Código de referência: 2732820  Comprimento ajustável: 1.127 mm  Compatível com maquinário Jumil  Material resistente e durável",,,,https://www.ingafert.com.br/conjunto-telescopico-5un-1127mm-jumil/p,https://images.yampi.me/assets/stores/ingafert-pecas-agricolas/uploads/images/5uni-conjunto-telescopico-1127-mm-plantadeira-jumil-689b6f23874d2-medium.png
41914268,sim,nao,Incoparts,,84329090,FLANGE ENCOSTO DISCO DE CORTE PLANTADEIRA JUMIL REF:0427587,sim,nao,JUMIL;Peças para Plantadeira;PLANTADEIRA;PRODUTOS;PRODUTOS EM PROMOÇÃO;PRODUTOS EM PROMOÇÃO > Principais Produtos,,,,COMPRA GARANTIDA MERCADO PAGO,flange-mancal-0427587,,"<h2>Flange do Mancal Ref. 0427587   Alta Resistência e Precisão para Equipamentos Agrícolas e Industriais</h2><h3>  Produto novo   Compatível com diversas máquinas   Envio imediato para todo o Brasil</h3><p>A <strong>Flange do Mancal Ref. 0427587</strong> é uma peça de <strong>alto desempenho</strong>, ideal para aplicações agrícolas, industriais e mecânicas. Produzida com <strong>aço de alta resistência</strong>, garante excelente durabilidade, encaixe perfeito e performance confiável mesmo em condições severas de trabalho.</p><p>Seja para manutenção preventiva ou substituição de componentes, essa flange é a solução certa para quem busca <strong>qualidade, compatibilidade e entrega rápida.</strong></p><h3>  Especificações Técnicas:</h3><ul><li><strong>Nome do Produto:</strong> Flange do Mancal</li><li><strong>Referência:</strong> 0427587</li><li><strong>Aplicações:</strong> Equipamentos agrícolas, máquinas industriais, sistemas mecânicos</li><li><strong>Material:</strong> Aço usinado de alta resistência</li><li><strong>Estado:</strong> Produto novo</li><li><strong>Garantia:</strong> Contra defeitos de fabricação</li></ul><h3>  Vantagens de Comprar Conosco:</h3><ul><li>Produto à pronta entrega</li><li>Atendimento técnico especializado</li><li>Emissão de Nota Fiscal para CNPJ e CPF</li><li>Envio imediato para todo o Brasil</li><li>Qualidade garantida</li></ul><h3><br /></h3><h3>  Suporte Especializado</h3><p>Em caso de dúvidas sobre <strong>compatibilidade com seu equipamento</strong>, fale com nossa equipe técnica.</p><p><br /></p><p><br /></p><p><br /></p>",3,sim,0,,,0,,Flange do Mancal Para Jumil Ref. 0427587,Compre Flange do Mancal Ref. 0427587 com envio rápido e qualidade garantida. Ideal para máquinas agrícolas e industriais. Peça original e resistente.,,,,https://www.ingafert.com.br/flange-mancal-0427587/p,https://images.yampi.me/assets/stores/ingafert-pecas-agricolas/uploads/images/flange-encosto-disco-de-corte-plantadeira-jumil-ref0427587-68a11c13b6a8b-medium.png
41965596,sim,nao,Incoparts,,84329090,Palheta direita menor 290mm JAN  REF:24504502,sim,nao,JAN;PRODUTOS;PRODUTOS EM PROMOÇÃO;PRODUTOS EM PROMOÇÃO > Principais Produtos,Peças para Maquinarios JAN,,,COMPRA GARANTIDA MERCADO PAGO,palheta-direita-menor-290mm-jan-ref-24504502,,,3,sim,0,<ul><li><strong>CÓDIGO JAN: </strong>24504502</li><li><strong>COMPATÍVEL: </strong>Lancer Maximus 12.000 TRH e TRM</li></ul><p><br /></p>,,0,,Palheta Direita Menor 290mm JAN Ref.24504502 | Ingafert Peças Agrícola,"A Palheta Direita Menor 290mm JAN   Ref. 24504502 é desenvolvida para oferecer durabilidade, encaixe preciso e alto desempenho em máquinas agrícolas da linha JAN. Produzida com materiais de qualidade, garante excelente resistência ao desgaste, contribuindo para a eficiência no campo e redução de paradas durante a colheita.  Medida: 290mm  Lado: Direito  Aplicação: Máquinas agrícolas JAN  Referência: 24504502  Fornecedor: Ingafert Peças AgrícolasIdeal para produtores que buscam peças confiáveis e compatíveis, assegurando o melhor funcionamento da sua colheitadeira JAN.",,,,https://www.ingafert.com.br/palheta-direita-menor-290mm-jan-ref-24504502/p,https://images.yampi.me/assets/stores/ingafert-pecas-agricolas/uploads/images/palheta-direita-menor-290mm-jan-ref24504502-68a5f1ebc5d53-medium.jpeg
41989911,sim,nao,Incoparts,,84329090,Filtro De Succao Completo FVS-100 Código Jacto 525832-005777,sim,nao,JACTO;Peças para Plantadeira;PRODUTOS;PRODUTOS EM PROMOÇÃO;PRODUTOS EM PROMOÇÃO > Principais Produtos,JACTO,,,COMPRA GARANTIDA MERCADO PAGO,filtro-succao-jacto-fvs-100-codigo-525832-005777,,"<p><strong>Filtro de Sucção FVS-100 Jacto Ref. 525832-005777</strong></p><p> Garanta a máxima eficiência em sua pulverização agrícola com este filtro de sucção de alta performance. Desenvolvido para proteger o sistema contra impurezas, aumenta a durabilidade e evita falhas durante o trabalho no campo.</p><p>  <strong>Código referência:</strong> 525832-005777</p><p>   <strong>Modelo:</strong> FVS-100</p><p>   <strong>Aplicação:</strong> Pulverizadores e equipamentos agrícolas Jacto</p><p>   <strong>Função:</strong> Retém impurezas na sucção da bomba, evitando entupimentos</p><p>   <strong>Origem:</strong> Produto original Jacto   alta confiabilidade</p><h3>  Compatibilidade</h3><ul><li>Pulverizadores <strong>Jacto</strong> com sistema de sucção compatível com o modelo <strong>FVS-100</strong>.</li><li>Consulte nossa equipe para confirmar aplicação em seu equipamento.</li></ul><h3>  Benefícios</h3><ul><li>Proteção extra para o sistema de pulverização</li><li>Maior durabilidade da bomba e bicos</li><li>Instalação prática e eficiente</li><li>Produto original Jacto com garantia de qualidade</li></ul><h3>  Conteúdo da Embalagem</h3><ul><li>01 Filtro de Sucção Jacto FVS-100 Ref. 525832-005777</li></ul><p><br /></p>",3,sim,0,,,0,,Filtro de Sucção Jacto  Completo FVS-100 Ref. 525832-005777,"Filtro de Sucção FVS-100 Jacto Ref. 525832-005777Garanta a máxima eficiência em sua pulverização agrícola com este filtro de sucção de alta performance. Desenvolvido para proteger o sistema contra impurezas, aumenta a durabilidade e evita falhas durante o trabalho no campo.",,,,https://www.ingafert.com.br/filtro-succao-jacto-fvs-100-codigo-525832-005777/p,https://images.yampi.me/assets/stores/ingafert-pecas-agricolas/uploads/images/filtro-de-succao-completo-fvs-100-codigo-jacto-525832-005777-68a87850b1bda-medium.png
41992394,sim,nao,Incoparts,,84249090,CORPO DO FILTRO DE SUCÇÃO FVS-100 - 005785 JACTO,sim,nao,JACTO;Peças para Plantadeira;PRODUTOS;PRODUTOS EM PROMOÇÃO;PRODUTOS EM PROMOÇÃO > Principais Produtos,,,,COMPRA GARANTIDA MERCADO PAGO,corpo-filtro-succao-fvs-100-jacto-005785,,"<p>Mantenha seu pulverizador Jacto funcionando com <strong>eficiência e segurança</strong>! O <strong>Corpo do Filtro de Sucção FVS-100</strong> é a peça principal do filtro, garantindo a passagem adequada do líquido, protegendo a bomba e os bicos contra impurezas.</p><p><br /></p><p>  <strong>Compatível com pulverizadores Jacto</strong></p><p>  <strong>Alta resistência e durabilidade</strong></p><p>  <strong>Protege seu equipamento contra entupimentos</strong></p><p>  <strong>Produto pronto para instalação</strong></p><p><strong>Benefícios:</strong></p><ul><li>Maior vida útil do sistema de pulverização</li><li>Redução de manutenção e paradas</li><li>Pulverização uniforme e precisa</li></ul><p><strong>Código original Jacto:</strong> 005785</p>",3,nao,0,,,0,,Corpo do Filtro de Sucção FVS-100 Completo   Jacto Código 005785,"O Corpo do Filtro de Sucção FVS-100 Jacto é a peça essencial para manter seu pulverizador funcionando com eficiência e segurança. Desenvolvido para proteger a bomba e os bicos, evita entupimentos e garante pulverização uniforme.Principais Características:Compatível com pulverizadores JactoMaterial resistente e durávelProtege contra impurezas e desgaste do equipamentoProduto original, pronto para instalaçãoCódigo Original: 005785Benefícios:Maior vida útil do sistema de pulverizaçãoRedução de manutenção e paradasPulverização uniforme e precisa  Envio rápido para todo o Brasil  Dúvidas? Fale com nosso WhatsApp: (44) 99176-1851",,,,https://www.ingafert.com.br/corpo-filtro-succao-fvs-100-jacto-005785/p,https://images.yampi.me/assets/stores/ingafert-pecas-agricolas/uploads/images/corpo-do-filtro-de-succao-fvs-100-005785-jacto-68a8aabe45637-medium.jpg
42020430,sim,nao,Incoparts,,84249090,Tampa do Filtro para Pulverizador Arbus   Código Jacto 005793:,sim,nao,JACTO;PRODUTOS;PRODUTOS EM PROMOÇÃO;PRODUTOS EM PROMOÇÃO > Principais Produtos,JACTO;PRODUTOS;PRODUTOS MAIS VENDIDOS;Novidades,,,COMPRA GARANTIDA MERCADO PAGO,tapa-filtro-succao-005793,,"<p>A <strong>Tampa do Filtro para Pulverizador Arbus Jacto   Código 005793</strong> é a peça que garante o perfeito fechamento e vedação do filtro de sucção. Com encaixe preciso e fabricação em material de alta resistência, proporciona segurança, durabilidade e desempenho no uso agrícola.</p><p><strong>Características:</strong></p><ul><li>Compatível com pulverizadores <strong>Jacto Arbus</strong></li><li>Produto  Jacto   Código 005793</li><li>Alta resistência e longa durabilidade</li><li>Fácil instalação e substituição</li></ul><p><strong>Benefícios:</strong></p><ul><li>Garante a vedação correta do filtro</li><li>Protege contra entrada de impurezas</li><li>Aumenta a vida útil do sistema de pulverização</li><li>Mantém a eficiência do equipamento no campo</li></ul><p>  Envio rápido e seguro para todo o Brasil</p><p>   Dúvidas? Atendimento via WhatsApp: (44) 99176-1851</p>",3,sim,0,,,0,,A Tampa do Filtro para Pulverizador Arbus Jacto   Código 005793,O Corpo do Filtro de Sucção FVS-100 Jacto Código 005785 é a peça ideal para manter o bom desempenho do seu pulverizador. Fabricado em material de alta resistênc...,,,,https://www.ingafert.com.br/tapa-filtro-succao-005793/p,https://images.yampi.me/assets/stores/ingafert-pecas-agricolas/uploads/images/tampa-do-filtro-para-pulverizador-arbus-codigo-jacto-005793-68ac6075869fb-medium.jpg
42037389,sim,nao,Incoparts,,84329090,compensador fino colheitadeira  case REF: 1307469c1,sim,nao,"CASE IH;Peças para Colheitadeira New Holland, Case, John Deere e Mais | Ingafe;PRODUTOS;PRODUTOS EM PROMOÇÃO;PRODUTOS EM PROMOÇÃO > Principais Produtos",PRODUTOS MAIS VENDIDOS;PRODUTOS;Novidades;JACTO,,,COMPRA GARANTIDA MERCADO PAGO,compensador-fino-case-1307469c1,,"<p>O <strong>Compensador Fino Case 1307469C1 Código Universal</strong> é desenvolvido para oferecer máxima eficiência e durabilidade nas colheitadeiras <strong>Case IH</strong>. Produzido em material resistente, garante encaixe preciso e substituição confiável da peça original.</p><p>  Compatível com colheitadeiras <strong>Case IH</strong></p><p>   Código original: <strong>1307469C1</strong></p><p>   Fabricado em material de alta resistência</p><p>   Fácil instalação e longa durabilidade</p><p><strong>Benefícios:</strong></p><ul><li>Reduz custos de manutenção</li><li>Aumenta a vida útil do equipamento</li><li>Mantém o desempenho ideal da colheitadeira</li><li>Produto novo e de qualidade garantida</li></ul><p><br /></p>",3,sim,0,,,0,,Compensador Fino Case 1307469C1,"O Compensador Fino Case 1307469C1 Código Universal é desenvolvido para oferecer máxima eficiência e durabilidade nas colheitadeiras Case IH. Produzido em material resistente, garante encaixe preciso e substituição confiável da peça original.",,,,https://www.ingafert.com.br/compensador-fino-case-1307469c1/p,https://images.yampi.me/assets/stores/ingafert-pecas-agricolas/uploads/images/compensador-fino-colheitadeira-case-ref-1307469c1-68ade42da36b3-medium.jpg
42037837,sim,nao,Incoparts,,84329090,Compensador Grosso Colheitadeira-case Ref:1307468c2 - 87450185,sim,nao,"CASE IH;Peças para Colheitadeira New Holland, Case, John Deere e Mais | Ingafe;PRODUTOS;PRODUTOS EM PROMOÇÃO;PRODUTOS EM PROMOÇÃO > Principais Produtos",PRODUTOS MAIS VENDIDOS;PRODUTOS;Novidades;JACTO,,,COMPRA GARANTIDA MERCADO PAGO,compensador-grosso-colheitadeira-case-ih,,"<p>O <strong>Compensador Grosso para Colheitadeira Case IH</strong> é desenvolvido para oferecer <strong>resistência e alto desempenho</strong> no trabalho pesado do campo. Fabricado em material de qualidade, garante <strong>encaixe perfeito, longa durabilidade e substituição direta</strong> da peça original, evitando falhas e reduzindo custos de manutenção.</p><p>  Compatível com colheitadeiras <strong>Case IH</strong></p><p>   Produto robusto e de alta resistência</p><p>   Fácil instalação e manutenção</p><p>   Substitui a peça original com precisão</p><p><strong>Benefícios:</strong></p><ul><li>Maior vida útil do sistema da colheitadeira</li><li>Redução de tempo de parada no campo</li><li>Operação mais eficiente e confiável</li><li>Produto novo e de qualidade comprovada</li></ul><p>  Envio rápido para todo o Brasil</p><p>   Suporte via WhatsApp: <strong>(44) 99176-1851</strong></p>",3,sim,0,,,0,,Compensador Grosso Colheitadeira Case IH,O Compensador Grosso para Colheitadeira Case IH é desenvolvido para oferecer resistência e alto desempenho no trabalho pesado do campo. Fabricado em material de...,,,,https://www.ingafert.com.br/compensador-grosso-colheitadeira-case-ih/p,https://images.yampi.me/assets/stores/ingafert-pecas-agricolas/uploads/images/compensador-grosso-colheitadeira-case-ref1307468c2-87450185-68ae272a36344-medium.jpg
42063541,sim,nao,Incoparts,,84329090,Z37932 Luva Semi Eixo Slc 6200 / 7200 / 1165 / 1175 Dianteira para John Deere,sim,nao,JOHN DEERE;JOHN DEERE COLHEITADEIRA;PRODUTOS;PRODUTOS EM PROMOÇÃO;PRODUTOS EM PROMOÇÃO > Principais Produtos,,,,COMPRA GARANTIDA MERCADO PAGO,luva-semi-eixo-dianteira-slc-6200-7200-1165-1175-ref-z37932,,<p>Luva Acoplamento do Semi Eixo da Redução Dianteira</p><p><br /></p><p><br /></p><p>Quantidade de estrias: 23</p><p><br /></p><p><br /></p><p>Aplicação John Deere:</p><p>1165</p><p>1175</p><p>6200</p><p>6300</p><p>7100</p><p>7200</p><p>7300</p><p>7500</p><p>7700</p><p><br /></p><p>Garantia de fábrica: 3 meses</p><p><br /></p>,3,sim,0,,"<p>Diâmetro externo: 49,5 mm A: 107 mm</p><p>Peso (Kg)</p><p>0,9</p><p>Processo</p><p>Dentes de barbear</p><p>Material</p><p>20CrMnTi</p><p>Tratamento térmico</p><p>Cementação</p><p>Dureza</p><p>58-63HRC</p>",0,,Luva Semi Eixo Dianteira SLC 6200 / 7200 / 1165 / 1175 John Deere Ref.,"A Luva Semi Eixo Dianteira Z37932 é uma peça de reposição de alta qualidade para colheitadeiras SLC modelos 6200, 7200, 1165 e 1175, compatível com linha John Deere.Fabricada para garantir durabilidade e resistência em condições severas de colheita, essa luva proporciona o encaixe perfeito no semi eixo dianteiro, evitando falhas e reduzindo o tempo de máquina parada.  Compatível com colheitadeiras SLC / John Deere 6200, 7200, 1165 e 1175  Referência original: Z37932  Produto de confiança IngafertSe você busca peças agrícolas com procedência e preço justo, a Ingafert é sua parceira ideal.",,,,https://www.ingafert.com.br/luva-semi-eixo-dianteira-slc-6200-7200-1165-1175-ref-z37932/p,https://images.yampi.me/assets/stores/ingafert-pecas-agricolas/uploads/images/z37932-luva-semi-eixo-slc-6200-7200-1165-1175-dianteira-para-john-deere-68b08a7c0238a-medium.jpg
42063789,sim,nao,Incoparts,,94329090,Cubo Acionamento Variável Para Colheit John Deere H97378,sim,nao,"JOHN DEERE;Peças para Colheitadeira New Holland, Case, John Deere e Mais | Ingafe;PRODUTOS;PRODUTOS EM PROMOÇÃO;PRODUTOS EM PROMOÇÃO > Principais Produtos",,,,COMPRA GARANTIDA MERCADO PAGO,cubo-acionamento-variavel-colheitadeira-john-deere-ref-h97378,,"<p>O <strong>Cubo de Acionamento Variável John Deere H97378</strong> é uma peça essencial no sistema de transmissão das colheitadeiras da marca.</p><p> Produzido com <strong>alta durabilidade e precisão</strong>, garante o funcionamento correto do acionamento variável, reduzindo riscos de falhas e aumentando a eficiência da máquina no campo.</p><p>  Compatível com modelos de colheitadeiras John Deere</p><p>   Referência original: <strong>H97378</strong></p><p>   Material resistente e de longa vida útil</p><p>   Ideal para reposição com qualidade garantida</p>",3,sim,0,"<p><span style=""background-color:rgb(255,255,255);color:rgba(0,0,0,0.55);"">APLICAÇÃO: COLHEITADEIRAS JOHN DEERE</span></p><p><span style=""background-color:rgb(255,255,255);color:rgba(0,0,0,0.55);"">MODELOS: S550 / S660 / S670 / S5 500 / S7 600 / S7 700 / 9570 STS / 9650 / 9750</span></p><p><br /></p><p><span style=""background-color:rgb(255,255,255);color:rgba(0,0,0,0.55);"">Marca: INCOPARTS</span></p><p><span style=""background-color:rgb(255,255,255);color:rgba(0,0,0,0.55);"">Número de peça: H97378</span></p><p><span style=""background-color:rgb(255,255,255);color:rgba(0,0,0,0.55);"">Aplicação: Sistema de acionamento variável em colheitadeiras</span></p><p><span style=""background-color:rgb(255,255,255);color:rgba(0,0,0,0.55);"">Material: Aço de alta resistência</span></p><p><span style=""background-color:rgb(255,255,255);color:rgba(0,0,0,0.55);"">Função: Transmissão de torque e ajuste de velocidade</span></p>",,0,,Cubo Acionamento Variável Colheitadeira John Deere Ref. H97378,"O Cubo de Acionamento Variável John Deere H97378 é uma peça essencial no sistema de transmissão das colheitadeiras da marca.Produzido com alta durabilidade e precisão, garante o funcionamento correto do acionamento variável, reduzindo riscos de falhas e aumentando a eficiência da máquina no campo.  Compatível com modelos de colheitadeiras John Deere  Referência original: H97378  Material resistente e de longa vida útil  Ideal para reposição com qualidade garantida",,,,https://www.ingafert.com.br/cubo-acionamento-variavel-colheitadeira-john-deere-ref-h97378/p,https://images.yampi.me/assets/stores/ingafert-pecas-agricolas/uploads/images/cubo-acionamento-variavel-para-colheit-john-deere-h97378-68b08efba6cf7-medium.jpeg
42063901,sim,nao,Incoparts,,84329090,Engrenagem Do Elevador Baixa Para John Deere H177988,sim,nao,JOHN DEERE;JOHN DEERE COLHEITADEIRA;PRODUTOS;PRODUTOS EM PROMOÇÃO;PRODUTOS EM PROMOÇÃO > Principais Produtos,,,,COMPRA GARANTIDA MERCADO PAGO,engrenagem-do-elevador-baixa-para-john-deere-h177988,,"<p><span style=""background-color:rgb(255,255,255);color:rgba(0,0,0,0.55);"">H177988; - ENGRENAGEM ELEVADOR RETRILHA</span></p><p><br /></p><p><span style=""background-color:rgb(255,255,255);color:rgba(0,0,0,0.55);"">A Engrenagem do Elevador Baixa John Deere H177988 é uma peça fundamental para o funcionamento do sistema de elevação de grãos da colheitadeira.</span></p><p><span style=""background-color:rgb(255,255,255);color:rgba(0,0,0,0.55);"">Produzida com aço de alta resistência, garante maior durabilidade e desempenho mesmo em condições intensas de trabalho.</span></p><p><br /></p><p><span style=""background-color:rgb(255,255,255);color:rgba(0,0,0,0.55);"">Função: transmite a força necessária para o correto acionamento do elevador da colheitadeira.</span></p><p><span style=""background-color:rgb(255,255,255);color:rgba(0,0,0,0.55);"">Compatibilidade: modelos de colheitadeiras John Deere.</span></p><p><br /></p><p><span style=""background-color:rgb(255,255,255);color:rgba(0,0,0,0.55);"">Peso KG 1,316</span></p><p><span style=""background-color:rgb(255,255,255);color:rgba(0,0,0,0.55);"">Acabamento VERDE</span></p><p><span style=""background-color:rgb(255,255,255);color:rgba(0,0,0,0.55);"">Marcas Compativeis JOHN DEERE</span></p><p><span style=""background-color:rgb(255,255,255);color:rgba(0,0,0,0.55);"">Modelos Compativeis S540,S550,S660,S670,STS9470,STS9570,STS9650,STS9670,STS9750,STS9770</span></p><p><span style=""background-color:rgb(255,255,255);color:rgba(0,0,0,0.55);"">Referência original: H177988.</span></p><p><span style=""background-color:rgb(255,255,255);color:rgba(0,0,0,0.55);"">Benefício: reduz riscos de falha no sistema de elevação e aumenta a eficiência da colheita.</span></p><p><br /></p><p><span style=""background-color:rgb(255,255,255);color:rgba(0,0,0,0.55);"">Com a Engrenagem H177988, você garante confiabilidade, qualidade e segurança para manter sua colheitadeira em pleno funcionamento.</span></p>",3,sim,0,,,0,,Engrenagem do Elevador Baixa Colheitadeira John Deere Ref. H177988,"A Engrenagem do Elevador Baixa John Deere H177988 é uma peça fundamental para o funcionamento do sistema de elevação de grãos da colheitadeira.Produzida com aço de alta resistência, garante maior durabilidade e desempenho mesmo em condições intensas de trabalho.  Função: transmite a força necessária para o correto acionamento do elevador da colheitadeira.  Compatibilidade: modelos de colheitadeiras John Deere.  Referência original: H177988.  Benefício: reduz riscos de falha no sistema de elevação e aumenta a eficiência da colheita.Com a Engrenagem H177988, você garante confiabilidade, qualidade e segurança para manter sua colheitadeira em pleno funcionamento.",,,,https://www.ingafert.com.br/engrenagem-do-elevador-baixa-para-john-deere-h177988/p,https://images.yampi.me/assets/stores/ingafert-pecas-agricolas/uploads/images/engrenagem-do-elevador-baixa-para-john-deere-h177988-68b0953d7ae5d-medium.png
42073472,sim,nao,Incoparts,,84329090,Polia do Alimentador AH219367 John Deere Série 9400 9500 9600 REF: AH219367,sim,nao,"JOHN DEERE;JOHN DEERE COLHEITADEIRA;Peças para Colheitadeira New Holland, Case, John Deere e Mais | Ingafe;PRODUTOS;PRODUTOS EM PROMOÇÃO;PRODUTOS EM PROMOÇÃO > Principais Produtos",,,,COMPRA GARANTIDA MERCADO PAGO,polia-alimentador-john-deere-ah219367-serie-9400-9500-9600,,"<p>A <strong>Polia do Alimentador John Deere AH219367</strong> é uma peça essencial para o bom desempenho das colheitadeiras.</p><p>oferece resistência, durabilidade e encaixe perfeito, garantindo colheitas mais produtivas.</p><p><strong>Aplicação nas colheitadeiras John Deere:</strong></p><ul><li>John Deere <strong>9400</strong></li><li>John Deere <strong>9500</strong></li><li>John Deere <strong>9600</strong></li></ul><p><strong>Vantagens da Polia AH219367 Incoparts:</strong></p><ul><li>Alta resistência ao desgaste</li><li>Substituição rápida e prática</li><li>Produzida com materiais de qualidade superior</li><li>Garantia de performance confiável</li></ul><p>Garanta já sua <strong>Polia do Alimentador AH219367 John Deere Incoparts</strong> e mantenha sua máquina sempre em funcionamento!</p>",3,sim,0,,,0,,Polia do Alimentador AH219367 John Deere REF: AH219367,"Polia do Alimentador AH219367 para colheitadeiras John Deere séries 9400, 9500 e 9600. Peça de alta durabilidade com envio rápido.",,,,https://www.ingafert.com.br/polia-alimentador-john-deere-ah219367-serie-9400-9500-9600/p,https://images.yampi.me/assets/stores/ingafert-pecas-agricolas/uploads/images/polia-do-alimentador-ah219367-john-deere-serie-9400-9500-9600-68b1c5834e006-medium.jpeg
42073740,sim,nao,Incoparts,,84329090,Semi Polia Do Alimentador John Deere- AH219367,sim,nao,"JOHN DEERE;JOHN DEERE COLHEITADEIRA;Peças para Colheitadeira New Holland, Case, John Deere e Mais | Ingafe;PRODUTOS;PRODUTOS EM PROMOÇÃO;PRODUTOS EM PROMOÇÃO > Principais Produtos",,,,COMPRA GARANTIDA MERCADO PAGO,polia-variadora-john-deere-ah204591-h204871,,"<p>A <strong>Polia Variadora John Deere Ref. AH204591 / H204871</strong> é desenvolvida para garantir o melhor desempenho e eficiência no sistema de transmissão da sua colheitadeira.</p><p>Fabricada com alta tecnologia, esta polia oferece <strong>resistência, durabilidade e encaixe perfeito</strong>, assegurando o funcionamento contínuo da máquina durante a colheita.</p><p><strong>Aplicação nas colheitadeiras John Deere:</strong></p><ul><li>Modelos de colheitadeiras <strong>John Deere série 1170, 1185, 1450, 1550</strong> (entre outros compatíveis)</li></ul><p><strong style=""color:rgb(122,122,122);background-color:rgb(255,255,255);"">S550, S660, S670, S680, S760, S770, STS 9570, STS 9650, STS 9670, STS 9750, STS 9770</strong></p>",3,sim,0,,,0,,Semi Polia Variadora Para John Deere AH204591 H204871,A Polia Variadora John Deere  Ref. AH204591 / H204871 é desenvolvida para garantir o melhor desempenho e eficiência no sistema de transmissão da sua colheitadei...,,,,https://www.ingafert.com.br/polia-variadora-john-deere-ah204591-h204871/p,https://images.yampi.me/assets/stores/ingafert-pecas-agricolas/uploads/images/semi-polia-do-alimentador-ah219367-68b1cb4264ffe-medium.jpeg
42105287,sim,nao,Incoparts,,84329090,Polia Variadora do Alimentador John Deere S550 S540 9560 9660 9760 9860,sim,nao,"JOHN DEERE;JOHN DEERE COLHEITADEIRA;Peças para Colheitadeira New Holland, Case, John Deere e Mais | Ingafe;PRODUTOS;PRODUTOS EM PROMOÇÃO;PRODUTOS EM PROMOÇÃO > Principais Produtos",,,,COMPRA GARANTIDA MERCADO PAGO,polia-variadora-alimentador-colheitadeira-john-deere-s550-s540-9660-9760-9860,,"<p>A <strong>Polia Variadora do Acionamento do Alimentador John Deere</strong> é essencial para garantir o funcionamento eficiente da colheitadeira, proporcionando alta durabilidade e encaixe preciso.</p><p>  <strong>Aplicação em colheitadeiras John Deere  Combines:</strong></p><ul><li><strong>360 F</strong></li><li><strong>S540</strong></li><li><strong>S550</strong></li><li><strong>9560*</strong></li><li><strong>9560 STS*</strong></li><li><strong>9570 STS*</strong></li><li><strong>9660*</strong></li><li><strong>9660 CTS*</strong></li><li><strong>9660 STS*</strong></li><li><strong>9760 STS*</strong></li><li><strong>9860 STS</strong> (BSN 715601)</li></ul><p>  <strong>Vantagens da Polia Variadora do Alimentador:</strong></p><ul><li>Produção de alta resistência ao desgaste</li><li>Encaixe perfeito para reposição</li><li>Longa vida útil</li><li>Mantém a colheitadeira com máxima eficiência durante a safra</li></ul><p>  Garanta sua <strong>Polia Variadora do Acionamento do Alimentador John Deere</strong> na Ingafert e aumente a confiabilidade da sua máquina no campo!</p>",3,sim,0,,,0,,Polia Variadora do Alimentador John Deere S550 S540 9560 9660 9760,"A Polia Variadora do Acionamento do Alimentador John Deere é essencial para garantir o funcionamento eficiente da colheitadeira, proporcionando alta durabilidade e encaixe preciso.",,,,https://www.ingafert.com.br/polia-variadora-alimentador-colheitadeira-john-deere-s550-s540-9660-9760-9860/p,https://images.yampi.me/assets/stores/ingafert-pecas-agricolas/uploads/images/polia-variadora-do-alimentador-john-deere-s550-s540-9560-9660-9760-9860-68b5db7a5abfb-medium.png
42141231,sim,nao,Incoparts,,84329090,POLIA VARIADORA NEW HOLLAND TC 57/59 REF: 84991653 84026681,sim,nao,"NEW HOLLAND;NEW HOLLAND > COLHEITADEIRA;Peças para Colheitadeira New Holland, Case, John Deere e Mais | Ingafe;PRODUTOS;PRODUTOS EM PROMOÇÃO;PRODUTOS EM PROMOÇÃO > Principais Produtos",,,,COMPRA GARANTIDA MERCADO PAGO,polia-variadora-tc57-tc59-new-holland-84991653-84026681,,"<p>A <strong>Polia Variadora TC57/59 New Holland Ref. 84991653 / 84026681</strong> é um componente essencial para o sistema de transmissão das colheitadeiras. Sua função é garantir a variação de velocidade de forma precisa, proporcionando melhor desempenho e eficiência no campo.</p><p>Fabricada com materiais de alta qualidade, essa polia oferece <strong>durabilidade, resistência ao desgaste e encaixe perfeito</strong>, sendo a melhor opção para reposição em sua máquina agrícola.</p><p>  <strong>Aplicações:</strong></p><p> Compatível com colheitadeiras <strong>New Holland</strong>:</p><ul><li>TC57</li><li>TC59</li></ul><p>  <strong>Vantagens da Polia Variadora New Holland:</strong></p><ul><li>Alta resistência e longa vida útil</li><li>Substituição prática e segura</li><li>Fabricada conforme padrões de qualidade</li><li>Melhor custo-benefício em reposição</li></ul><p>  Adquira já sua <strong>Polia Variadora TC57/59 New Holland Ref. 84991653 / 84026681</strong> na Ingafert e mantenha sua colheitadeira com máximo desempenho.</p>",3,sim,0,,,0,,Polia Variadora TC57/59 New Holland Ref. 84991653 / 84026681,"Polia Variadora TC57/59 Ref. 84991653 / 84026681 para colheitadeiras New Holland. Peça de alta resistência e durabilidade, envio rápido Ingafert.",,,,https://www.ingafert.com.br/polia-variadora-tc57-tc59-new-holland-84991653-84026681/p,https://images.yampi.me/assets/stores/ingafert-pecas-agricolas/uploads/images/polia-variadora-new-holland-tc-5759-ref-84991653-84026681-68b8405492672-medium.jpg
42141391,sim,nao,Incoparts,,84329090,Polia Variador Eixo Batedor New HollandTc57 Tc59 84026666 84991652 84278620,sim,nao,"NEW HOLLAND;NEW HOLLAND > COLHEITADEIRA;Peças para Colheitadeira New Holland, Case, John Deere e Mais | Ingafe;PRODUTOS;PRODUTOS EM PROMOÇÃO;PRODUTOS EM PROMOÇÃO > Principais Produtos",,,,COMPRA GARANTIDA MERCADO PAGO,polia-variador-eixo-batedor-tc57-tc59-ref-84026666-84991652,,"<p>A <strong>Polia Variador do Eixo Batedor New Holland TC57 TC59</strong> é uma peça essencial para o funcionamento correto do sistema de tração e batida da colheitadeira. Desenvolvida para suportar alto desempenho, garante maior eficiência durante a colheita.</p><p>  <strong>Referências originais</strong>:</p><ul><li>84026666</li><li>84991652</li></ul><h3>        84278620</h3><p>  <strong>Compatibilidade</strong>:</p><ul><li>Colheitadeira <strong>New Holland TC57</strong></li><li>Colheitadeira <strong>New Holland TC59</strong></li></ul><p>  <strong>Benefícios da Polia Variador Eixo Batedor</strong>:</p><ul><li>Produzida em material de alta resistência</li><li>Garantia de longa vida útil</li><li>Substituição rápida e eficiente</li><li>Melhor custo-benefício em reposição agrícola</li></ul><p><br /></p>",3,sim,0,,,0,,Polia Variador Eixo Batedor New Holland TC57 TC59 84026666 84991652,Polia Variador do Eixo Batedor para colheitadeiras New Holland TC57 e TC59. Referências 84026666 e 84991652. Peça de alta durabilidade e pronta entrega.,,,,https://www.ingafert.com.br/polia-variador-eixo-batedor-tc57-tc59-ref-84026666-84991652/p,https://images.yampi.me/assets/stores/ingafert-pecas-agricolas/uploads/images/polia-variador-eixo-batedor-new-hollandtc57-tc59-84026666-84991652-84278620-68b844ced9c03-medium.jpg
42141976,sim,nao,Incoparts,,84329090,Polia Variador Cilindro Batedor New Holland TC55 TC57  Ref. 84991651 / 825081,sim,nao,"NEW HOLLAND;NEW HOLLAND > COLHEITADEIRA;Peças para Colheitadeira New Holland, Case, John Deere e Mais | Ingafe;PRODUTOS;PRODUTOS EM PROMOÇÃO;PRODUTOS EM PROMOÇÃO > Principais Produtos",,,,COMPRA GARANTIDA MERCADO PAGO,polia-variador-cilindro-batedor-tc55-tc57-ref-84991651-825081,,"<p>A <strong>Polia Variador do Cilindro Batedor New Holland TC55 TC57</strong> é uma peça essencial no sistema de transmissão das colheitadeiras, responsável por regular a velocidade do cilindro batedor, garantindo maior eficiência no processo de trilha.</p><p>  <strong>Referências originais</strong>:</p><ul><li>84991651</li><li>825081</li></ul><p>  <strong>Compatibilidade</strong>:</p><ul><li>Colheitadeira <strong>New Holland TC55</strong></li><li>Colheitadeira <strong>New Holland TC57</strong></li></ul><p>  <strong>Vantagens da Polia Variador Cilindro Batedor</strong>:</p><ul><li>Produzida em material de alta resistência e durabilidade</li><li>Substituição prática e de encaixe perfeito</li><li>Garantia de desempenho e confiabilidade durante a colheita</li><li>Melhor custo-benefício para reposição agrícola</li></ul><p>Compre sua <strong>Polia Variador Cilindro Batedor TC55 TC57</strong> na <strong>Ingafert</strong> e garanta qualidade, confiança e segurança para sua colheita.</p>",3,sim,0,,,0,,Polia Variador Cilindro Batedor New Holland TC55 TC57 | Ref. 84991651,"Polia Variador do Cilindro Batedor para colheitadeiras New Holland TC55 e TC57. Referências 84991651 e 825081. Peça de alta durabilidade, pronta entrega e envio...",,,,https://www.ingafert.com.br/polia-variador-cilindro-batedor-tc55-tc57-ref-84991651-825081/p,https://images.yampi.me/assets/stores/ingafert-pecas-agricolas/uploads/images/polia-variador-cilindro-batedor-new-holland-tc55-tc57-ref-84991651-825081-68b856563ac87-medium.jpg
42142086,sim,nao,Incoparts,,84329090,Polia Variadora 84991650 Eixo 45 Mm Tc 55 Tc 57 - 825083,sim,nao,"NEW HOLLAND;NEW HOLLAND > COLHEITADEIRA;Peças para Colheitadeira New Holland, Case, John Deere e Mais | Ingafe;PRODUTOS;PRODUTOS EM PROMOÇÃO;PRODUTOS EM PROMOÇÃO > Principais Produtos",Peças Agrícolas em destaque,,,COMPRA GARANTIDA MERCADO PAGO,polia-variadora-eixo-45mm-tc55-tc57-ref-84991650-825083,,"<p>A <strong>Polia Variadora Eixo 45mm New Holland TC55 TC57</strong> é um componente essencial do sistema de transmissão, responsável por ajustar a velocidade e garantir maior desempenho da colheitadeira durante a colheita.</p><p>  <strong>Referências originais</strong>:</p><ul><li>84991650</li><li>825083</li></ul><p>  <strong>Compatibilidade:</strong></p><ul><li>Colheitadeira <strong>New Holland TC55</strong></li><li>Colheitadeira <strong>New Holland TC57</strong></li></ul><p>  <strong>Vantagens da Polia Variadora Eixo 45mm</strong>:</p><ul><li>Produzida em material de alta resistência</li><li>Longa vida útil e confiabilidade no campo</li><li>Substituição prática e de encaixe perfeito</li><li>Melhor custo-benefício para reposição agrícola</li></ul><p>Garanta já sua <strong>Polia Variadora Eixo 45mm Ref. 84991650 / 825083</strong> na <strong>Ingafert</strong> e mantenha sua máquina sempre pronta para a safra.</p>",3,sim,0,,,0,,Polia Variadora Eixo 45mm New Holland TC55 TC57  Ref. 84991650  825083,"Polia Variadora com Eixo 45mm para colheitadeiras New Holland TC55 e TC57. Referências 84991650 e 825083. Alta resistência, pronta entrega e envio rápido.",,,,https://www.ingafert.com.br/polia-variadora-eixo-45mm-tc55-tc57-ref-84991650-825083/p,https://images.yampi.me/assets/stores/ingafert-pecas-agricolas/uploads/images/polia-variadora-84991650-eixo-45-mm-tc-55-tc-57-825083-new-holland-68b85ab05d81a-medium.jpeg
42262494,sim,nao,Incoparts,,,Eixo Entalhado 530mm Transmissão Perna Traseira Pulverizador Jacto,sim,nao,JACTO;PRODUTOS;PRODUTOS EM PROMOÇÃO;PRODUTOS EM PROMOÇÃO > Principais Produtos,,,,,eixo-entalhado-530mm-transmissao-perna-traseira-pulverizador-jacto,,"<p>O Eixo Entalhado 530 mm para Transmissão da Perna Traseira é uma peça essencial para o bom funcionamento dos pulverizadores Jacto, garantindo durabilidade, resistência e alto desempenho no campo.</p><p><br /></p><p>Características:</p><p><br /></p><ul><li>Medida: 530 mm</li><li>Aplicação: transmissão da perna traseira</li><li>Compatível com pulverizadores Jacto</li><li>Produção robusta para uso intenso</li><li>Substituição direta da peça original</li></ul><p><br /></p>",3,sim,0,,,0,,,,,,,https://www.ingafert.com.br/eixo-entalhado-530mm-transmissao-perna-traseira-pulverizador-jacto/p,https://images.yampi.me/assets/stores/ingafert-pecas-agricolas/uploads/images/eixo-entalhado-530mm-transmissao-perna-traseira-pulverizador-jacto-68c44d509a7b6-medium.png
42270538,sim,nao,Incoparts,,84339090,CJ Sulcador Adubo Curvo Premier com Desarme Automático Planti Center Ref. 054134,sim,nao,Peças para Plantadeira;PLANTI CENTER;PRODUTOS;PRODUTOS EM PROMOÇÃO;PRODUTOS EM PROMOÇÃO > Principais Produtos,,,,COMPRA GARANTIDA MERCADO PAGO,cj-sulcador-adubo-curvo-premier-com-desarme-automatico-planti-centerref-054134,,"<p>O <strong>CJ Sulcador Adubo Curvo Premier Ref. 054134</strong> é a solução ideal para agricultores que buscam eficiência e praticidade no plantio. Equipado com <strong>desarme automático</strong>, garante maior segurança e proteção contra obstáculos durante a operação.</p><p><strong>Características do Sulcador Adubo Curvo Premier:</strong></p><ul><li>Modelo: <strong>Curvo com Desarme Automático</strong></li><li><strong>Marca: Incoparts</strong></li><li>Referência: <strong>054134</strong></li><li>Construção robusta e durável</li><li>Excelente desempenho em diferentes tipos de solo</li><li>Maior facilidade de regulagem e manutenção</li></ul><p><strong>Benefícios:</strong></p><p>Garante distribuição precisa de adubo no sulco</p><p>Evita danos ao equipamento em terrenos com pedras e obstáculos</p><p>Ideal para aumentar a produtividade no plantio</p><p>Sistema confiável, pronto para grandes áreas agrícolas</p><p>O <strong>Sulcador de Adubo Curvo Premier</strong> é indicado para quem busca <strong>qualidade, resistência e alto desempenho</strong> no campo.</p><p>Entre em contato e garanta já seu conjunto sulcador adubo Premier na Ingafert!</p>",3,sim,0,,,0,,CJ Sulcador Adubo Curvo Premier com Desarme Automático Ref. 054134,"Conjunto sulcador para adubação, robusto, durável e com sistema de desarme automático",,,,https://www.ingafert.com.br/cj-sulcador-adubo-curvo-premier-com-desarme-automatico-planti-centerref-054134/p,https://images.yampi.me/assets/stores/ingafert-pecas-agricolas/uploads/images/cj-sulcador-adubo-curvo-premier-com-desarme-automatico-planti-centerref-054134-68c57c3cc16e3-medium.png
42272233,sim,nao,Incoparts,,,Cabo de Aço Levantador Hidráulico 017806   Resistência e Durabilidade,sim,nao,JOHN DEERE;PRODUTOS;PRODUTOS EM PROMOÇÃO;PRODUTOS EM PROMOÇÃO > Principais Produtos,,,,,cabo-de-aco-levantador-hidraulico-017806-resistencia-e-durabilidade,,<p>O Cabo de Aço Levantador Hidráulico Ref. 017806 foi desenvolvido para garantir máxima resistência e eficiência no trabalho agrícola.</p><p>  Aplicação em levantadores hidráulicos</p><p>  Alta durabilidade e desempenho</p><p>  Fácil instalação e compatibilidade com diversos modelos</p><p><br /></p><p>Especificações Técnicas:</p><p><br /></p><ul><li>Referência: 017806</li><li>Material: Aço de alta resistência</li></ul><p><br /></p><p>Benefícios:</p><p><br /></p><ul><li>Garante segurança na operação do levantador hidráulico</li><li>Evita paradas e aumenta a produtividade</li><li>Peça testada e de qualidade comprovada</li></ul><p><br /></p>,3,nao,0,,,0,,,,,,,https://www.ingafert.com.br/cabo-de-aco-levantador-hidraulico-017806-resistencia-e-durabilidade/p,https://images.yampi.me/assets/stores/ingafert-pecas-agricolas/uploads/images/cabo-de-aco-levantador-hidraulico-017806-resistencia-e-durabilidade-68c5bea2eaa41-medium.jpg
42272351,sim,nao,Incoparts,,,Catraca Dupla / Engrenagem Dupla Eixo Central (Z24 Z16) JAN 24400010,sim,nao,JAN;PRODUTOS;PRODUTOS EM PROMOÇÃO;PRODUTOS EM PROMOÇÃO > Principais Produtos,,,,,catraca-dupla-engrenagem-dupla-eixo-central-z24-z16-jan-24400010,,"<ul><li><strong>Tipo de peça:</strong> Catraca ou engrenagem dupla. </li><li><strong>Características:</strong> Possui 24 dentes (Z24) e 16 dentes (Z16), indicando as relações de transmissão de velocidade ou de torque. </li><li><strong>Função:</strong> Desempenha um papel importante no sistema de transmissão de implementos agrícolas da marca Jan. </li></ul><p><br /></p><p><br /></p>",3,sim,0,,,0,,Catraca Dupla / Engrenagem Dupla Eixo Central (Z24 Z16) JAN 24400010,,,,,https://www.ingafert.com.br/catraca-dupla-engrenagem-dupla-eixo-central-z24-z16-jan-24400010/p,https://images.yampi.me/assets/stores/ingafert-pecas-agricolas/uploads/images/catraca-dupla-engrenagem-dupla-eixo-central-z24-z16-jan-24400010-68c5c4fa0fd45-medium.png
42273526,sim,nao,Incoparts,,,Catraca Z38 para Implemento JAN Ref. 24400009,sim,nao,JAN;PRODUTOS;PRODUTOS EM PROMOÇÃO;PRODUTOS EM PROMOÇÃO > Principais Produtos,,,,,catraca-z38-para-implemento-jan-ref-24400009,,"<p>A Catraca Z38 Ref. 24400009 é uma peça agrícola de reposição desenvolvida em aço de alta resistência, ideal para sistemas de transmissão que exigem desempenho e durabilidade no campo.</p><p><br /></p><p>  Engrenagem com 38 dentes (Z38)</p><p>  Excelente resistência ao desgaste</p><p>  Fácil instalação e compatibilidade com diversos modelos de máquinas agrícolas</p><p><br /></p><p>Especificações Técnicas:</p><p><br /></p><ul><li>Referência: 24400009</li><li>Modelo: Catraca Z38</li><li>Número de dentes: 38</li><li>Material: Aço tratado de alta durabilidade</li></ul><p>Para Implementos JAN</p>",3,nao,0,,,0,,Catraca Z38 para Implemento JAN Ref. 24400009,,,,,https://www.ingafert.com.br/catraca-z38-para-implemento-jan-ref-24400009/p,https://images.yampi.me/assets/stores/ingafert-pecas-agricolas/uploads/images/catraca-z38-para-implemento-jan-ref-24400009-68c5dcfee1f17-medium.jpg
42283188,sim,nao,Incoparts,,,Eixo Caixa de Transmissão Implemento JAN REF 24206008,sim,nao,JAN;PRODUTOS;PRODUTOS EM PROMOÇÃO;PRODUTOS EM PROMOÇÃO > Principais Produtos,,,,,eixo-caixa-de-transmissao-implemento-jan-ref-24206008,,"<p>Eixo Caixa de Transmissão - Implemento JAN</p><p><br /></p><ul><li>Referência: 24206008</li><li>Compatibilidade: Para implementos agrícolas da marca JAN</li><li>Material: Aço de alta resistência</li><li>Benefícios:</li><li> </li><li class=""ql-indent-1"">Alta durabilidade</li><li class=""ql-indent-1"">Substituição prática e segura</li><li class=""ql-indent-1"">Mantém a eficiência da transmissão do implemento</li><li><br /></li></ul><p><br /></p><p><br /></p><p>Ideal para agricultores que buscam reposição confiável e de qualidade para seus implementos JAN. Garanta o desempenho máximo da sua máquina com peças originais e resistente</p><p><br /></p>",3,nao,0,,,0,,Eixo Caixa de Transmissão Implemento JAN REF 24206008,,,,,https://www.ingafert.com.br/eixo-caixa-de-transmissao-implemento-jan-ref-24206008/p,https://images.yampi.me/assets/stores/ingafert-pecas-agricolas/uploads/images/eixo-caixa-de-transmissao-implemento-jan-ref-24206008-68c7f8ace60dc-medium.jpg
42283313,sim,nao,Incoparts,,,Tampa Caixa Transmissão Maximus 1200 JAN REF 24206005,sim,nao,JAN;PRODUTOS;PRODUTOS EM PROMOÇÃO;PRODUTOS EM PROMOÇÃO > Principais Produtos,,,,,tampa-caixa-transmissao-maximus-1200-jan-ref-24206005,,"<p>Tampa Caixa de Transmissão   Implemento JAN Maximus 1200</p><p><br /></p><ul><li>Referência: 24206005</li><li>Compatibilidade: Implemento JAN Maximus 1200</li><li>Material: Aço reforçado, projetado para máxima durabilidade</li><li>Função: Protege e garante o correto funcionamento da caixa de transmissão</li></ul><p><br /></p><p><br /></p><p>  Qualidade JAN</p><p>  Resistência para alto desempenho no campo</p><p>  Fácil substituição e encaixe perfeito</p><p><br /></p><p>Ideal para produtores rurais que precisam manter seus implementos JAN Maximus 1200 em pleno funcionamento, com peças confiáveis e de alta performance.</p><p><br /></p>",3,nao,0,,,0,,Tampa Caixa Transmissão Maximus 1200 JAN REF 24206005,,,,,https://www.ingafert.com.br/tampa-caixa-transmissao-maximus-1200-jan-ref-24206005/p,https://images.yampi.me/assets/stores/ingafert-pecas-agricolas/uploads/images/tampa-caixa-transmissao-maximus-1200-jan-ref-24206005-68c7feabce3ed-medium.jpg
42283342,sim,nao,Incoparts,,,Cubo Flange do Disco Distribuição Implemento JAN REF 24200001,sim,nao,JAN;PRODUTOS;PRODUTOS EM PROMOÇÃO;PRODUTOS EM PROMOÇÃO > Principais Produtos,Peças Agrícolas em destaque,,,,cudo-flange-do-disco-distribuicao-implemento-jan-ref-24200001,,"<p>Cubo Disco de Distribuição   Implemento JAN</p><p><br /></p><ul><li>Referência: 24200001</li><li>Compatibilidade: Implementos agrícolas JAN</li><li>Material: Aço reforçado, projetado para longa durabilidade</li><li>Função: Garante o perfeito funcionamento do disco de distribuição, mantendo eficiência no campo</li></ul><p><br /></p><p><br /></p><p>  Peça para Implementos  JAN</p><p>  Alta resistência e durabilidade</p><p>  Substituição prática e segura</p><p><br /></p><p>Ideal para agricultores que buscam reposição confiável para seus implementos JAN, garantindo produtividade e segurança na operação.</p><p><br /></p>",3,sim,0,,,0,,Cubo Flange do Disco Distribuição Implemento JAN REF 24200001,,,,,https://www.ingafert.com.br/cudo-flange-do-disco-distribuicao-implemento-jan-ref-24200001/p,https://images.yampi.me/assets/stores/ingafert-pecas-agricolas/uploads/images/cudo-flange-do-disco-distribuicao-implemento-jan-ref-24200001-68c8024acf8de-medium.jpg
42283700,sim,nao,Incoparts,,,Cubo Separador Transmissão   Implementos Jan 24004501,sim,nao,JAN;PRODUTOS;PRODUTOS EM PROMOÇÃO;PRODUTOS EM PROMOÇÃO > Principais Produtos,,,,,cubo-separador-transmissao-implementos-jan-24004501,,"<p>Cubo separador de transmissão para Implementos Jan (Ref. 24004501). Garante transmissão eficiente, maior vida útil e manutenção simplificada.</p><p><br /></p><p>Características:</p><p><br /></p><ul><li>Robusto e resistente ao desgaste</li><li>Compatível com implementos Jan</li><li>Facilita a substituição e manutenção</li></ul><p><br /></p><p><br /></p><p>Benefícios:</p><p><br /></p><ul><li>Reduz paradas no campo</li><li>Protege a transmissão</li><li>Mais segurança e confiabilidade</li></ul><p><br /></p><p><br /></p><p>Aplicação:</p><p>Indicado para transmissões de tratores e implementos agrícolas Jan</p><p><br /></p>",3,sim,0,,,0,,Cubo Separador Transmissão   Implementos Jan 24004501,,,,,https://www.ingafert.com.br/cubo-separador-transmissao-implementos-jan-24004501/p,https://images.yampi.me/assets/stores/ingafert-pecas-agricolas/uploads/images/cubo-separador-transmissao-implementos-jan-24004501-68c8114cb7583-medium.jpg
42287129,sim,nao,Incoparts,,,Eixo Caixa de Transmissão   Implementos Jan 24004504,sim,nao,JAN;PRODUTOS;PRODUTOS EM PROMOÇÃO;PRODUTOS EM PROMOÇÃO > Principais Produtos,,,,,eixo-caixa-de-transmissao-implementos-jan-24004504,,"<p>Eixo da caixa de transmissão para Implementos Jan, código original 24004504, classificado no NCM 84329000. Desenvolvido para garantir desempenho confiável e ajuste perfeito na sua máquina.</p><p><br /></p><p>Características:</p><p><br /></p><ul><li>Peça para Implementos Jan</li><li>Fabricado em material resistente ao desgaste</li><li>Substituição simples e rápida</li></ul><p><br /></p><p><br /></p><p>Benefícios:</p><p><br /></p><ul><li>Garante a eficiência da transmissão</li><li>Reduz falhas e paradas na lavoura</li><li>Aumenta a durabilidade do equipamento</li></ul><p><br /></p><p><br /></p><p>Aplicação:</p><p>Utilizado em implementos agrícolas da linha Jan, projetado para transmissão de força em operações intensivas.</p><p><br /></p><p>Adquira agora o eixo caixa de transmissão Jan pelo MF Rural e mantenha sua máquina sempre pronta para o trabalho.</p><p><br /></p>",3,nao,0,,,0,,Eixo Caixa de Transmissão   Implementos Jan 24004504,,,,,https://www.ingafert.com.br/eixo-caixa-de-transmissao-implementos-jan-24004504/p,https://images.yampi.me/assets/stores/ingafert-pecas-agricolas/uploads/images/eixo-caixa-de-transmissao-implementos-jan-24004504-68c83c8f4e927-medium.png
42287175,sim,nao,Incoparts,,,Tampa Caixa de Transmissão   Implementos Jan 24004505,sim,nao,JAN;PRODUTOS;PRODUTOS EM PROMOÇÃO;PRODUTOS EM PROMOÇÃO > Principais Produtos,,,,,tampa-caixa-de-transmissao-implementos-jan-24004505,,"<p>Tampa da caixa de transmissão para Implementos Jan, código original 24004505, NCM 84329000. Produzida em material resistente, garante vedação, proteção e perfeito encaixe na transmissão do equipamento.</p><p><br /></p><p>Características:</p><p><br /></p><ul><li>Compatível com implementos Jan</li><li>Construção robusta e durável</li><li>Fácil instalação e substituição</li></ul><p><br /></p><p><br /></p><p>Benefícios:</p><p><br /></p><ul><li>Protege a caixa de transmissão contra danos e sujeira</li><li>Mantém o alinhamento e a eficiência do sistema</li><li>Reduz custos com manutenção preventiva</li></ul><p><br /></p><p><br /></p><p>Aplicação:</p><p>Indicada para implementos agrícolas Jan, projetada para manter a transmissão segura e em pleno funcionamento.</p><p><br /></p>",3,nao,0,,,0,,,,,,,https://www.ingafert.com.br/tampa-caixa-de-transmissao-implementos-jan-24004505/p,https://images.yampi.me/assets/stores/ingafert-pecas-agricolas/uploads/images/tampa-caixa-de-transmissao-implementos-jan-24004505-68c83ea84f31f-medium.png
42338884,sim,nao,Incoparts,,,Aro da Banda Roda Compactadora Jumil   Cód. 3704363,sim,nao,JUMIL;PRODUTOS;PRODUTOS EM PROMOÇÃO;PRODUTOS EM PROMOÇÃO > Principais Produtos,,,,,aro-da-banda-roda-compactadora-jumil-cod-3704363,,"<p>O Aro da Banda Roda Compactadora Jumil   3704363 é um componente essencial para manter o perfeito funcionamento da sua plantadeira Jumil. Produzido com material resistente, garante compactação uniforme do solo, maior eficiência na germinação e durabilidade no campo.</p><p><br /></p><p>  Compatível com plantadeiras Jumil</p><p>  Medidas aproximadas: 257 x 58,5 mm</p><p>  Substitui aro desgastado da roda compactadora</p><p>  Fácil instalação e alta durabilidade</p><p><br /></p><p>Produto novo, de qualidade, pronto para envio imediato.</p><p><br /></p>",3,nao,0,,,0,,Aro da Banda da Roda Compactadora Jumil - Cód. 3704363,Mantém a eficiência do sistema de compactaçãoAlta durabilidade mesmo em solos agressivosReduz falhas de emergência e manutenções frequentesSubstituição prática e rápida,,,,https://www.ingafert.com.br/aro-da-banda-roda-compactadora-jumil-cod-3704363/p,https://images.yampi.me/assets/stores/ingafert-pecas-agricolas/uploads/images/aro-da-banda-roda-compactadora-jumil-cod-3704363-68cc39ed63c28-medium.png
42402541,sim,nao,Incoparts,,,SUPORTE DISCO DE ADUBO ESQUERDO PLANTADEIRA PLANTI CENTER REF 020013,sim,nao,Peças para Plantadeira;PLANTADEIRA;PLANTI CENTER;PRODUTOS;PRODUTOS EM PROMOÇÃO;PRODUTOS EM PROMOÇÃO > Principais Produtos,,,,,suporte-disco-de-adubo-esquerdo-plantadeira-planti-center-ref-020013,,"<p>O Suporte Disco de Adubo Lado Esquerdo Plantadeira Planti Center   Ref. 020013 é uma peça de reposição essencial para manter sua plantadeira em perfeito funcionamento.</p><p><br /></p><p>Fabricado em material de alta durabilidade, garante resistência e longa vida útil, suportando as exigências do trabalho agrícola no campo.</p><p><br /></p><p><br /></p><p><strong>Aplicação:</strong></p><p><br /></p><p><br /></p><ul><li>Plantadeiras Planti Center</li><li>Lado esquerdo do disco de adubo</li></ul><p><br /></p><p><br /></p><p><br /></p><p><strong>Especificações:</strong></p><p><br /></p><p><br /></p><ul><li>Referência: 020013</li><li>Função: Suporte do disco de adubo (lado esquerdo)</li><li>Produto de reposição para plantadeiras Planti Center</li></ul><p><br /></p><p><br /></p><p><br /></p><p><strong>Benefícios:</strong></p><p><br /></p><p><br /></p><p>  Garantia de precisão na adubação</p><p>  Aumenta a durabilidade do conjunto de adubo</p><p>  Compatibilidade garantida com plantadeiras Planti Center</p><p><br /></p>",3,sim,0,,,0,,Suporte Disco de Adubo Esquerdo Plantadeira Planti Center Ref. 020013,O Suporte Disco de Adubo Esquerdo Plantadeira Planti Center Ref. 020013 é um componente essencial para garantir a correta fixação e alinhamento do disco de adub...,,,"PEÇAS AGRICOLAS, PLANTI CENTER, MAQUINAS AGRICOLAS,",https://www.ingafert.com.br/suporte-disco-de-adubo-esquerdo-plantadeira-planti-center-ref-020013/p,https://images.yampi.me/assets/stores/ingafert-pecas-agricolas/uploads/images/suporte-disco-de-adubo-esquerdo-plantadeira-planti-center-ref-020013-68d417870b147-medium.png
42403015,sim,nao,Incoparts,,,SUPORTE DISCO DE ADUBO DIREITO PLANTI CENTER REF 020006,sim,nao,Peças para Plantadeira;PLANTADEIRA;PLANTI CENTER;PRODUTOS;PRODUTOS EM PROMOÇÃO;PRODUTOS EM PROMOÇÃO > Principais Produtos,,,,,suporte-disco-adubo-direito-planti-center-ref-020006,,<p>SUPORTE DISCO DE ADUBO   LADO DIREITO   PLANTADEIRA PLANTI CENTER</p><p>Referências: 02.000-6 | 020006 | 002000</p><p><br /></p><p>  Aplicação: Plantadeiras Planti Center</p><p>  Função: suporte para disco de adubo (lado direito)</p><p>  Material: aço de alta resistência</p><p>  Durabilidade: desenvolvido para suportar condições severas no campo</p><p>  Instalação fácil e compatibilidade garantida</p><p><br /></p>,3,sim,0,,,0,,Suporte Disco de Adubo Direito Plantadeira Planti Center Ref. 020006,"O Suporte Disco de Adubo Direito Planti Center Ref. 020006 é uma peça essencial para o correto funcionamento da plantadeira, garantindo precisão na deposição de adubo e maior durabilidade no campo.  Características do Produto:Aplicação: Plantadeira Planti CenterPosição: DireitoReferência Original: 020006Estrutura reforçada, fabricada em material de alta resistênciaFácil instalação e substituição  Benefícios:  Garante alinhamento correto do disco de adubo  Aumenta a vida útil do sistema de plantio  Reduz falhas na distribuição de adubo  Produto confiável e de longa durabilidadeCompre já o Suporte Disco de Adubo Direito Planti Center Ref. 020006 na Ingafert e mantenha sua plantadeira em perfeito estado de funcionamento.",,,,https://www.ingafert.com.br/suporte-disco-adubo-direito-planti-center-ref-020006/p,https://images.yampi.me/assets/stores/ingafert-pecas-agricolas/uploads/images/suporte-disco-de-adubo-direito-planti-center-ref-020006-68d41e0b2bfc0-medium.png
42413606,sim,nao,Incoparts,,,Cubo Rolamento Disco 15 Plantadeira Planti Center Ref 01685-6,sim,nao,Peças para Plantadeira;PLANTADEIRA;PLANTI CENTER;PRODUTOS;PRODUTOS EM PROMOÇÃO;PRODUTOS EM PROMOÇÃO > Principais Produtos,,,,COMPRA GARANTIDA MERCADO PAGO,cubo-rolamento-disco-15-plantadeira-planti-center-ref-01685-6,,"<p>Cubo de Rolamento do Disco 15, compatível com Plantadeira Planti Center, desenvolvido para oferecer alta durabilidade, encaixe preciso e excelente desempenho no plantio.</p><p><br /></p><p>  Referências originais: 01.685-6 / 016856 / 001685</p><p>  Produto novo, de qualidade garantida</p><p>  Ideal para substituição em plantadeiras Planti Center</p><p><br /></p><p>  Garanta já seu Cubo Rolamento Disco 15 Planti Center com envio rápido para todo o Brasil.</p><p><br /></p>",3,sim,0,"<p>Informações do produto:</p><p><br /></p><ul><li>Aplicação: Plantadeira Planti Center</li><li>Referências: 01.685-6 / 016856 / 001685</li><li>Produto novo, pronto para uso</li><li>Qualidade e durabilidade comprovada</li></ul><p><br /></p>",,0,,Cubo com rolamento e disco 15 para plantadeiras Planti center,"O Cubo de Rolamento com Disco 15 para Plantadeira Planti Center   Ref. 01.685-6 é uma peça essencial para o bom funcionamento da sua plantadeira, garantindo mai...",,,,https://www.ingafert.com.br/cubo-rolamento-disco-15-plantadeira-planti-center-ref-01685-6/p,https://images.yampi.me/assets/stores/ingafert-pecas-agricolas/uploads/images/cubo-rolamento-disco-15-plantadeira-planti-center-ref-01685-6-68d55e6f32503-medium.jpg
42676246,sim,nao,Incoparts,,,Dedo Levantador New Holland Modelo Antigo Ref: 89508953-1  87048983,sim,nao,NEW HOLLAND;NEW HOLLAND > COLHEITADEIRA;PRODUTOS;PRODUTOS EM PROMOÇÃO;PRODUTOS EM PROMOÇÃO > Principais Produtos,,,,,dedo-levantador-new-holland-modelo-antigo-ref-89508953-1-87048983,,<p>DEDO LEVANTADOR DE FEIJAO </p><p>- COLHEITADEIRA-NEW HOLLAND</p><p>- MODELO DA MAIS ANTIGA</p>,3,nao,0,,,0,,Dedo Levantador New Holland Modelo Antigo Ref: 89508953-1  87048983,,,,,https://www.ingafert.com.br/dedo-levantador-new-holland-modelo-antigo-ref-89508953-1-87048983/p,https://images.yampi.me/assets/stores/ingafert-pecas-agricolas/uploads/images/dedo-levantador-new-holland-modelo-antigo-ref-89508953-1-87048983-68efe60d1655e-medium.jpg
42836000,sim,nao,Incoparts,,,Eixo da Caixa de Transmissao Implemento Jan 23801502,sim,nao,JAN;PRODUTOS;PRODUTOS EM PROMOÇÃO;PRODUTOS EM PROMOÇÃO > Principais Produtos,,,,,eixo-da-caixa-de-transmissao-implemento-jan-23801502,,"<p><span style=""color:#000000;"">Eixo da caixa de transmissão   modelo Jan</span></p><p><span style=""color:#000000;"">Compatível com Implementos Jan</span></p><p> </p><p><span style=""color:#000000;"">Código Jan: 23801502</span></p><p> </p><p><span style=""color:#000000;"">Compatível com: lancer 1350 / lancer 1200 / lancer 1500 / lancer magnu 10000 plus e transfer 700 entre outros</span></p>",3,nao,0,,,0,,Eixo da Caixa de Transmissão Jan 23801502,Reposição de alta durabilidade para implementos Jan   Ideal para manutenção preventiva   Envio rápido e atendimento direto pelo WhatsApp,,,,https://www.ingafert.com.br/eixo-da-caixa-de-transmissao-implemento-jan-23801502/p,https://images.yampi.me/assets/stores/ingafert-pecas-agricolas/uploads/images/eixo-da-caixa-de-transmissao-implemento-jan-23801502-68ffae6da53e4-medium.png
42863935,sim,nao,Incoparts,,,Haste sulcador adubo plantadeira Jonh deere CQ57286 - CQ65160,sim,nao,JOHN DEERE;Peças para Plantadeira;PLANTADEIRA;PRODUTOS;PRODUTOS EM PROMOÇÃO;PRODUTOS EM PROMOÇÃO > Principais Produtos,,,,COMPRA GARANTIDA MERCADO PAGO,haste-sulcador-adubo-plantadeira-jonh-deere-cq57286-cq65160,,"<p class=""ql-align-justify"">Haste sulcador adubo plantadeira 2109 Jonh deere.</p><p class=""ql-align-justify""> </p><p class=""ql-align-justify""><strong>Medidas:</strong></p><p class=""ql-align-justify"">Altura: 10 cm</p><p class=""ql-align-justify"">Largura: 4 cm</p><p class=""ql-align-justify"">Profundidade: 40 cm</p><p class=""ql-align-justify""><strong>Peso: </strong> 3.9 kg</p><p><br /></p>",3,sim,0,,,0,,Haste Sulcador Adubo John Deere CQ57286 | CQ65160   Ingafert,Peça de reposição compatível para plantadeiras John Deere   Alta resistência   Estoque pronto para envio com frete grátis em todo o Brasil,,,,https://www.ingafert.com.br/haste-sulcador-adubo-plantadeira-jonh-deere-cq57286-cq65160/p,https://images.yampi.me/assets/stores/ingafert-pecas-agricolas/uploads/images/haste-sulcador-adubo-plantadeira-jonh-deere-cq57286-cq65160-69023bdd1e0d7-medium.png
42945949,nao,nao,Incoparts,,,JUNTA TAMPA LATERAL REDUTOR JAN REF:250103,sim,nao,JAN;PRODUTOS;PRODUTOS EM PROMOÇÃO;PRODUTOS EM PROMOÇÃO > Principais Produtos,,,,COMPRA GARANTIDA MERCADO PAGO,junta-tampa-lateral-redutor-jan-ref250103,,,3,nao,0,,,0,,,,,,,https://www.ingafert.com.br/junta-tampa-lateral-redutor-jan-ref250103/p,
42955306,sim,nao,Incoparts,,,APERTADOR DA NAVALHA DA PLATAFORMA CASE E NH REF:86630786 84427065,sim,nao,CASE IH;CATALOGO;NEW HOLLAND;NEW HOLLAND > COLHEITADEIRA;PLANTADEIRA,,,,COMPRA GARANTIDA MERCADO PAGO,apertador-da-navalha-da-plataforma-case-e-nh-ref86630786-84427065,,"<p>Sistema de corte longo - Furo Ø 10 mm</p><p>- PLATAFORMA CASE, </p><p>- PLATAFORMA NEW HOLLAND</p><p>Aplicação:</p><p>- Draper 880CF - 740CF - 74C - 72C </p><p>- Draper 3162 - Draper 3152 - 2020 - 3020</p>",3,nao,0,,,0,,Apertador da Navalha da Plataforma Case e New Holland Ref. 86630786,"Apertador da Navalha da Plataforma   Case e New Holland Ref. 86630786 / 84427065Ingafert Peças AgrícolasO Apertador da Navalha da Plataforma é responsável por manter a navalha firmemente ajustada à barra de corte, garantindo o desempenho ideal no corte e menor vibração durante a colheita.Compatível com colheitadeiras Case IH e New Holland, este componente assegura maior precisão e durabilidade no sistema de corte da sua plataforma.Características Técnicas:Referências originais: 86630786 / 84427065Aplicação: Plataformas de corte Case IH e New Holland (séries CR, CX, 2388, entre outras)Função: Fixar e ajustar a navalha da barra de corteFabricação em aço de alta resistência, com acabamento tratado para longa vida útilVantagens Ingafert:  Alta durabilidade e precisão de encaixe  Substituição direta das peças originais  Envio rápido para todo o Brasil  Suporte técnico especializado via WhatsApp (44) 99176-1851",,,,https://www.ingafert.com.br/apertador-da-navalha-da-plataforma-case-e-nh-ref86630786-84427065/p,https://images.yampi.me/assets/stores/ingafert-pecas-agricolas/uploads/images/apertador-da-navalha-da-plataforma-case-e-nh-ref86630786-84427065-690b3d62baf57-medium.jpg
42955436,sim,nao,Incoparts,,,PLACA DE AJUSTE DA PLATAFORMA DE CORTE - Furo Ø 10 mm Case e NH REF: 86630787 84427068,sim,nao,CASE IH;NEW HOLLAND;NEW HOLLAND > COLHEITADEIRA;PRODUTOS;PRODUTOS EM PROMOÇÃO;PRODUTOS EM PROMOÇÃO > Principais Produtos,,,,COMPRA GARANTIDA MERCADO PAGO,placa-de-ajuste-da-plataforma-de-corte-furo-o-10-mm-case-e-nh-ref-86630787-84427068,,<p>PLACA DE AJUSTE DA PLATAFORMA DE CORTE - Furo Ø 10 mm</p><p>- COLHEITADEIRA-CASE</p><p>- COLHEITADEIRA-NEW HOLLNAD</p><p>Equipamentos :</p><p>- Draper 880CF - 740CF - 74C - 72C</p><p>- Draper 3162 - Draper 3152 - 2020 - 3020</p>,3,nao,0,,,0,,Placa de Ajuste da Plataforma de Corte Ø10mm Case e New Holland,"Placa de Ajuste da Plataforma de Corte Ø10mm   Case e New Holland Ref. 86630787 / 84427068Ingafert Peças AgrícolasA Placa de Ajuste da Plataforma de Corte é uma peça essencial para o alinhamento e regulagem precisa da barra de corte em colheitadeiras Case IH e New Holland.Fabricada com material de alta durabilidade, garante resistência, estabilidade e desempenho constante durante a colheita.Características Técnicas:Furo de fixação: Ø 10 mmReferências originais: 86630787 / 84427068Compatibilidade: Modelos Case IH e New Holland (séries CR, CX, 2388, entre outros)Aplicação: Ajuste e alinhamento da plataforma de corteProduto de substituição direta, fácil instalação e encaixe perfeitoVantagens Ingafert:  Alta precisão e resistência no campo  Garantia de compatibilidade e qualidade  Envio rápido para todo o Brasil  Suporte técnico direto via WhatsApp (44) 99176-1851",,,,https://www.ingafert.com.br/placa-de-ajuste-da-plataforma-de-corte-furo-o-10-mm-case-e-nh-ref-86630787-84427068/p,https://images.yampi.me/assets/stores/ingafert-pecas-agricolas/uploads/images/placa-de-ajuste-da-plataforma-de-corte-furo-o-10-mm-case-e-nh-ref-86630787-84427068-690b48614eacc-medium.jpg
43015401,sim,nao,Incoparts,,,BRAÇO DE ACIONAMENTO NAVALHA - FURO 16 mm,sim,nao,CASE IH;NEW HOLLAND;NEW HOLLAND > COLHEITADEIRA;PRODUTOS;PRODUTOS EM PROMOÇÃO;PRODUTOS EM PROMOÇÃO > Principais Produtos,,,,COMPRA GARANTIDA MERCADO PAGO,braco-de-acionamento-navalha-furo-16-mm,,<h3>NEW HOLLAND E CASE REF: 87493463 47618623 87493462</h3><p>BRAÇO DE ACIONAMENTO NAVALHA - FURO 16 mm</p><p> COLHEITADEIRA N.H. e CASE</p><p>EQUIPAMENTOS - 3020 / 740CF / 20/30/35 pés</p><p><br /></p>,3,sim,0,,,0,,Apertador da Navalha da Plataforma Case e New Holland Ref. 86630786,"Apertador da Navalha da Plataforma   Case e New Holland Ref. 86630786 / 84427065Ingafert Peças AgrícolasO Apertador da Navalha da Plataforma é essencial para o bom funcionamento do sistema de corte das colheitadeiras Case IH e New Holland, garantindo melhor ajuste, precisão e durabilidade durante o trabalho no campo.  Especificações Técnicas:Referências originais: 86630786 / 84427065Aplicação: Plataformas de corte Case IH e New Holland (séries CR, CX, 2388, entre outras)Função: Fixar e ajustar a navalha da barra de corteMaterial: Aço de alta resistência com acabamento anticorrosivo  Vantagens Ingafert:  Alta durabilidade e encaixe preciso  Substituição direta da peça original  Pronta entrega para todo o Brasil  Suporte técnico especializado via WhatsApp",,,,https://www.ingafert.com.br/braco-de-acionamento-navalha-furo-16-mm/p,https://images.yampi.me/assets/stores/ingafert-pecas-agricolas/uploads/images/braco-de-acionamento-navalha-furo-16-mm-691231a3b0efe-medium.jpg
43110143,sim,nao,Tatu,,,"Catraca Z 14 Plantadeira TATU REF: 0502011329, 0502010709",sim,nao,CATALOGO;Peças para Plantadeira;PRODUTOS;PRODUTOS EM PROMOÇÃO;PRODUTOS EM PROMOÇÃO > Principais Produtos;TATU MARCHESAN,,,,,catraca-z-14-plantadeira-tatu-ref-0502011329-0502010709,,"<h3>REFERÊNCIA: 0502011329, 0502010709</h3><p>Engrenagem Z 14</p><p>Plantadeira Tatu</p><p>P31,75 com Arrast/Dir PST2</p><p>Original</p><p>Envio Imediato</p><p>Não encontrou sua peça ? Fale conosco </p>",3,nao,0,,,0,,"Catraca Z 14 Plantadeira TATU REF: 0502011329, 0502010709",,,,,https://www.ingafert.com.br/catraca-z-14-plantadeira-tatu-ref-0502011329-0502010709/p,https://images.yampi.me/assets/stores/ingafert-pecas-agricolas/uploads/images/catraca-z-14-plantadeira-tatu-ref-0502011329-0502010709-691b5b166d7f5-medium.png
43110151,sim,nao,CASE IH,,,Tubo Sulcador Plantadeira Case REFERÊNCIA: 73382155,sim,nao,CASE IH;CATALOGO;Peças para Plantadeira;PRODUTOS;PRODUTOS EM PROMOÇÃO;PRODUTOS EM PROMOÇÃO > Principais Produtos,,,,,tubo-sulcador-plantadeira-case-referencia-73382155,,<h3>REFERÊNCIA: 73382155</h3><p>Tubo Sulcador</p><p>Plantadeira Case</p><p>Código referência:73382155</p><p><br /></p><p>Enviamos para todo o abrasileira</p><p>Não encontrou a peça que precisa ? Fale conosco </p><p><br /></p>,3,nao,0,,,0,,,,,,,https://www.ingafert.com.br/tubo-sulcador-plantadeira-case-referencia-73382155/p,https://images.yampi.me/assets/stores/ingafert-pecas-agricolas/uploads/images/tubo-sulcador-plantadeira-case-referencia-73382155-691b5b9077fa5-medium.png
43110163,sim,nao,CASE IH,,,Cubo do disco Plantadeira Case REFERÊNCIA: 66002318,sim,nao,CASE IH;Peças para Plantadeira;PRODUTOS;PRODUTOS EM PROMOÇÃO;PRODUTOS EM PROMOÇÃO > Principais Produtos,,,,,cubo-do-disco-plantadeira-case-referencia-66002318,,"<h3>REFERÊNCIA: 66002318</h3><p>Cudo Do Disco</p><p>Plantadeira : Case</p><p>Código referência : 66002318</p><p>Enviamos para todo o Brasil</p><p>Envio Imediato </p><p>Caso não tenha encontrado o produto que procura , fale com a gente </p>",3,sim,0,,,0,,,,,,,https://www.ingafert.com.br/cubo-do-disco-plantadeira-case-referencia-66002318/p,https://images.yampi.me/assets/stores/ingafert-pecas-agricolas/uploads/images/cubo-do-disco-plantadeira-case-referencia-66002318-691b5c1178264-medium.jpg
43110194,sim,nao,CASE IH,,,Tubo de Roda Compactadora Plantadeira Case REFERÊNCIA 066000943,sim,nao,CASE IH;CATALOGO;Peças para Plantadeira;PLANTADEIRA;PRODUTOS;PRODUTOS EM PROMOÇÃO;PRODUTOS EM PROMOÇÃO > Principais Produtos,,,,,tubo-de-roda-compactadora-plantadeira-case-referencia-066000943,,<h3>REFERÊNCIA 066000943</h3><p>Tubo roda compactadora</p><p>Plantadeira : CASE</p><p>CÓDIGO REFERÊNCIA: 0066000943</p><p>Envio Imediato para todo o Brasil</p>,3,nao,0,,,0,,,,,,,https://www.ingafert.com.br/tubo-de-roda-compactadora-plantadeira-case-referencia-066000943/p,https://images.yampi.me/assets/stores/ingafert-pecas-agricolas/uploads/images/tubo-de-roda-compactadora-plantadeira-case-referencia-066000943-691b5ca1e7389-medium.png
43110274,sim,nao,CASE IH,,,Cubo do disco para Plantadeira Case REF: 0066000849,sim,nao,CASE IH;CATALOGO;Peças para Plantadeira;PLANTADEIRA;PRODUTOS;PRODUTOS EM PROMOÇÃO;PRODUTOS EM PROMOÇÃO > Principais Produtos,,,,,cubo-do-disco-para-plantadeira-case-ref-0066000849,,"<p><span style=""color:rgb(73,80,87);"">Cubo do disco </span></p><p><span style=""color:rgb(73,80,87);"">Plantadeira Case</span></p><p><span style=""color:rgb(73,80,87);"">Código Ref: 0066000849</span></p><p><span style=""color:rgb(73,80,87);"">Envio Imediato</span></p><p><span style=""color:rgb(73,80,87);"">Garantia : 3 Meses</span></p>",3,nao,0,,,0,,,,,,,https://www.ingafert.com.br/cubo-do-disco-para-plantadeira-case-ref-0066000849/p,https://images.yampi.me/assets/stores/ingafert-pecas-agricolas/uploads/images/cubo-do-disco-para-plantadeira-case-ref-0066000849-691b5dd346192-medium.png
43208153,sim,nao,VV,,,25 UN LÂMINA DE CORTE VV PARA JOHN DEERE REF:CQ32379,sim,nao,CATALOGO;JOHN DEERE;JOHN DEERE COLHEITADEIRA;PRODUTOS;PRODUTOS EM PROMOÇÃO;PRODUTOS EM PROMOÇÃO > Principais Produtos,Peças Agrícolas em destaque,,,,25-un-lamina-de-corte-vv-para-john-deere-refcq32379,,<p>LÂMINA DE CORTE VV</p><p>COMPATIVEL: JOHN DEERE</p><p>MARCA: VV</p><p>GARANTIA : 3 meses</p><p>ENVIO: IMEDIATO:</p><p>REFERENCIA: CQ32379</p><p><br /></p><p><br /></p>,3,nao,0,,,0,,,,,,,https://www.ingafert.com.br/25-un-lamina-de-corte-vv-para-john-deere-refcq32379/p,https://images.yampi.me/assets/stores/ingafert-pecas-agricolas/uploads/images/25-un-lamina-de-corte-vv-para-john-deere-refcq32379-6925ae76ac8eb-medium.jpg
43208174,sim,nao,Incoparts,,,10 Unidades Guia superior do dedo retrátil Valtra/Massey Ferguson - 6219036M1,sim,nao,CATALOGO;MASSEY FERGUSON;PRODUTOS;PRODUTOS EM PROMOÇÃO;PRODUTOS EM PROMOÇÃO > Principais Produtos;TATU MARCHESAN;VALTRA,,,,,10-unidades-guia-superior-do-dedo-retratil-valtramassey-ferguson-6219036m1,,<h3>GUIA DEDO RETRÁTIL PARA COLHEITADEIRAS MASSEY FERGUSON/VALTRA CÓDIGO ORIGINAL: 6219036</h3><p>Guia Dedo Retrátil para Colheitadeiras Massey Ferguson/Valtra</p><p>Código original: 6219036</p><p><br /></p><p>Enviamos para todo o Brasil</p><p><br /></p>,3,nao,0,,,0,,,,,,,https://www.ingafert.com.br/10-unidades-guia-superior-do-dedo-retratil-valtramassey-ferguson-6219036m1/p,https://images.yampi.me/assets/stores/ingafert-pecas-agricolas/uploads/images/10-unidades-guia-superior-do-dedo-retratil-valtramassey-ferguson-6219036m1-6925aff9ba43a-medium.jpg
43342159,sim,nao,Incoparts,,84339090,Árvore Transmissão para Colheitadeira John Deere DQ52582 HXE109643,sim,nao,"JOHN DEERE;JOHN DEERE COLHEITADEIRA;Peças para Colheitadeira New Holland, Case, John Deere e Mais | Ingafe;PRODUTOS;PRODUTOS EM PROMOÇÃO;PRODUTOS EM PROMOÇÃO > Principais Produtos",,,,COMPRA GARANTIDA MERCADO PAGO,arvore-transmissao-para-colheitadeira-john-deere-dq52582-hxe109643,,"<p>Árvore de Transmissão para Colheitadeira é um componente crucial projetado para transmitir potência de forma eficiente entre diferentes partes do sistema de transmissão da colheitadeira. Fabricada com materiais robustos, esta árvore de transmissão oferece durabilidade e resistência, sendo essencial para o desempenho adequado da colheitadeira durante as operações agrícolas.</p><p>Principais Características:</p><p><br /></p><ul><li>Componente crucial para transmissão eficiente de potência</li><li>Fabricada com materiais robustos</li><li>Oferece durabilidade e resistência</li><li>Essencial para o desempenho adequado da colheitadeira</li></ul><p>Assegure a eficiência da transmissão em sua colheitadeira com a Árvore de Transmissão de qualidade. Adquira agora para garantir o funcionamento adequado durante as atividades agrícolas.</p>",3,nao,0,"<p><span style=""color:rgb(0,0,0);"">Código MontadoraDQ52582</span></p><p><span style=""color:rgb(0,0,0);"">Códigos Alternativos do Item</span></p><p><span style=""color:rgb(0,0,0);"">H136186 HXE109643</span></p><p><span style=""color:rgb(0,0,0);"">Peso Produto (kg)1,184</span></p><p><span style=""color:rgb(0,0,0);"">Altura (cm)8,4</span></p><p><span style=""color:rgb(0,0,0);"">Largura (cm)9,4</span></p><p><span style=""color:rgb(0,0,0);"">Comprimento (cm)9,4</span></p><p><span style=""color:rgb(0,0,0);"">Diâmetro Externo (cm)9,4</span></p><p><span style=""color:rgb(0,0,0);"">Diâmetro Interno (cm)2,7</span></p>",,0,,Árvore de Transmissão John Deere DQ52582 / HXE109643,"A Árvore de Transmissão John Deere   Ref. DQ52582 / HXE109643 é responsável por transferir torque e movimento entre os componentes essenciais da colheitadeira, ...",,,,https://www.ingafert.com.br/arvore-transmissao-para-colheitadeira-john-deere-dq52582-hxe109643/p,https://images.yampi.me/assets/stores/ingafert-pecas-agricolas/uploads/images/arvore-transmissao-para-colheitadeira-john-deere-dq52582-hxe109643-6936c01bdc6d2-medium.png
43342240,sim,nao,Incoparts,,,Arco Da Plataforma New Holland Em Aço Mola - 465571,sim,nao,CATALOGO;NEW HOLLAND;PRODUTOS;PRODUTOS EM PROMOÇÃO;PRODUTOS EM PROMOÇÃO > Principais Produtos,,,,COMPRA GARANTIDA MERCADO PAGO,arco-da-plataforma-new-holland-em-aco-mola-465571,,"<p><strong>Especificações do produto:</strong></p><p>Arco Articulado Defletor Divisores, em aço mola, com pintura eletrostática.</p><p><strong>Modelos compatíveis: </strong></p><ul><li>plataforma 13 pes NH,</li><li>plataforma 15 pes NH,</li><li>plataforma 17 pes NH,</li><li>plataforma 19 pes NH,</li><li>plataforma 23 pes NH</li></ul><p><strong>INFORMAÇÕES DA PEÇA</strong></p><p>Medidas:</p><p>Altura: 55 cm</p><p>Largura: 126 cm</p><p>Profundidade: 4 cm</p><p>Peso: 2,5 kg</p><p><strong>APLICAÇÃO DA PEÇA </strong></p><p><strong>Garantia:</strong> 3 meses após o uso da peça.</p>",3,nao,0,,,0,,Arco da Plataforma New Holland em Aço Mola Ref. 465571,"O Arco da Plataforma New Holland em Aço Mola   Ref. 465571 é projetado para oferecer alta resistência, flexibilidade e desempenho superior nas plataformas de corte. Produzido em aço mola, o componente absorve impactos, reduz vibrações e garante maior estabilidade durante a colheita, mesmo em condições intensas de trabalho.Compatível com diversos modelos de colheitadeiras New Holland, este arco proporciona uma operação mais suave, maior durabilidade do conjunto e desempenho consistente no campo. É a escolha ideal para quem busca uma reposição reforçada e confiável.A Ingafert entrega qualidade, precisão e envio rápido para todo o Brasil.Benefícios do produto:Fabricado em aço mola de alta resistênciaReferência original: 465571Redução de vibrações e impactosMaior estabilidade da plataformaCompatível com colheitadeiras New HollandPeça reforçada para longa vida útil",,,,https://www.ingafert.com.br/arco-da-plataforma-new-holland-em-aco-mola-465571/p,https://images.yampi.me/assets/stores/ingafert-pecas-agricolas/uploads/images/arco-da-plataforma-new-holland-em-aco-mola-465571-6936c30b7e1d5-medium.png
43342270,sim,nao,Incoparts,,84339090,Arco da Plataforma New Holland TC Ref. 84999085   Ingafert Peças Agrícolas,sim,nao,CATALOGO;NEW HOLLAND;PRODUTOS;PRODUTOS EM PROMOÇÃO;PRODUTOS EM PROMOÇÃO > Principais Produtos,,,,,arco-da-plataforma-new-holland-tc-84999085,,"<p><strong>Especificações do produto:</strong></p><p>Arco articulado defletores divisores, produzida, com material aço mola, tendo a melhor resistência do mercado, com pintura eletrostática.</p><p> </p><p><strong>Modelos compatíveis: </strong></p><ul><li>Plataforma 15 pes NH,</li><li>Plataforma 17 pes NH,</li><li>Plataforma 19 pes NH,</li><li>Plataforma 20 pes NH,</li><li>Plataforma 23 pes NH,</li><li>Plataforma 25 pes NH,</li><li>Plataforma 30 pes NH,</li><li>Plataforma 35 pes NH   serie 74C</li></ul><p> </p><p><strong>INFORMAÇÕES DA PEÇA</strong></p><p>Medidas:</p><p>Altura: 39 cm</p><p>Largura: 112 cm</p><p>Profundidade: 4 cm</p><p>Peso: 1,67 kg</p><p><strong>APLICAÇÃO DA PEÇA </strong></p><p><strong>Garantia:</strong> 3 meses após o uso da peça.</p>",3,nao,0,,,0,,Arco da Plataforma New Holland TC Ref. 84999085   Ingafert,"O Arco da Plataforma New Holland TC   Ref. 84999085 é um componente estrutural fundamental para garantir estabilidade, alinhamento e segurança da plataforma de corte durante a operação da colheitadeira. Fabricado com material resistente e projetado para suportar fortes vibrações e condições severas de colheita, oferece maior vida útil e confiabilidade no campo.Compatível com os principais modelos New Holland Série TC, este arco mantém a integridade da plataforma, melhora o desempenho do conjunto e reduz riscos de falhas durante a colheita.A Ingafert oferece peças de alta qualidade, pronta entrega e envio imediato para todo o Brasil.Destaques do produto:Referência original: 84999085Excelente resistência estruturalCompatível com colheitadeiras New Holland TCReduz vibrações e aumenta a estabilidade da plataformaSolução robusta para reposição e manutenção",,,,https://www.ingafert.com.br/arco-da-plataforma-new-holland-tc-84999085/p,https://images.yampi.me/assets/stores/ingafert-pecas-agricolas/uploads/images/arco-da-plataforma-new-holland-tc-84999085-6936c48292499-medium.png
43342308,sim,nao,Incoparts,,84339090,Divisor de AcoLado Direito de Graos da Unidade de Colheita para Plataformas de Milho DQ16587,sim,nao,JOHN DEERE;JOHN DEERE COLHEITADEIRA;PRODUTOS;PRODUTOS EM PROMOÇÃO;PRODUTOS EM PROMOÇÃO > Principais Produtos,,,,COMPRA GARANTIDA MERCADO PAGO,/divisor-aco-lado-direito-dq16587,,"<p>Divisor de aço lado direito DQ16587 para unidades de colheita em plataformas de milho. Peça resistente, de alta durabilidade e compatível com os principais modelos do mercado. Qualidade Ingafert para máxima performance na colheita.</p>",3,nao,0,,,0,,Divisor de Aço Lado Direito DQ16587 para Plataformas de Milho,"O Divisor de Aço Lado Direito DQ16587 é um componente essencial para o direcionamento correto dos grãos na unidade de colheita das plataformas de milho. Produzido em aço de alta resistência, garante maior durabilidade, melhor fluxo de material e desempenho superior durante a colheita.Desenvolvido para suportar condições severas de trabalho, o divisor mantém o alinhamento ideal dos grãos, reduz perdas e melhora a eficiência da plataforma. A Ingafert oferece peças compatíveis, confiáveis e prontas para envio em todo o Brasil.Benefícios:Aço de alta resistênciaMelhor fluxo e direcionamento dos grãosRedução de perdas na colheitaCompatibilidade garantidaQualidade IngafertIdeal para quem busca reposição de confiança para unidades de colheita em plataformas de milho.",,,,https://www.ingafert.com.br//divisor-aco-lado-direito-dq16587/p,https://images.yampi.me/assets/stores/ingafert-pecas-agricolas/uploads/images/divisor-de-acolado-direito-de-graos-da-unidade-de-colheita-para-plataformas-de-milho-dq16587-6936c7d3a326a-medium.jpg
44236963,sim,nao,Incoparts,,84329000,Eixo Disco Semente 17mm Lado Direito PARA Planti Center 108149 Alta Resistência,sim,nao,CATALOGO;Peças para Plantadeira;PLANTI CENTER;PRODUTOS;PRODUTOS EM PROMOÇÃO > Principais Produtos,,,,COMPRA GARANTIDA MERCADO PAGO,eixo-disco-semente-17mm-lado-direito-para-planti-center-108149-alta-resistencia,,"<h2>  EIXO DISCO SEMENTE LADO DIREITO</h2><p>Compatível com Planti Center</p><p> Código: 108149</p><p>Peça desenvolvida com alto padrão de qualidade, ideal para reposição no conjunto do disco de semente, garantindo funcionamento preciso e maior durabilidade no plantio.</p><p><br /></p><h2>  APLICAÇÃO</h2><p>  Plantadeiras Planti Center</p><p>   Lado Direito</p><p>   Código original: 108149</p><p>(Confirme sempre o código antes da compra)</p><p><br /></p><h2>  ESPECIFICAÇÕES TÉCNICAS</h2><p>  Fabricado em aço de alta resistência</p><p>   Usinagem de precisão</p><p>   Roscas reforçadas</p><p>   Excelente encaixe e fixação</p><p>   Produto novo</p><p><br /></p><h2>  BENEFÍCIOS</h2><p>  Maior vida útil no campo</p><p>   Reduz folgas no conjunto</p><p>   Melhor desempenho no plantio</p><p>   Reposição segura e confiável</p><p><br /></p><h2>  ENVIO RÁPIDO</h2><p>  Produto a pronta entrega</p><p>   Postagem rápida</p><p>   Embalagem segura</p><p><br /></p><h2>  DÚVIDAS</h2><p>Antes de comprar, verifique:</p><ul><li>Se é lado direito</li><li>Se o código 108149 corresponde ao seu equipamento</li></ul><p>Se tiver qualquer dúvida, utilize o campo de perguntas.</p>",0,nao,0,<h3>Informações do Produto</h3><p><br /></p><p>MEDIDA : ROSCA COMPRIMENTO 17mm</p><p><br /></p><p>EIXO DISCO SEMENTE L.D.</p><p><br /></p><p>- PLANTADEIRA PLANTI CENTER</p>,,0,,Eixo Disco Semente Lado Direito Para PlantiCenter 108149 Aço Reforçado,"EIXO DISCO SEMENTE LADO DIREITOCompatível com Planti CenterCódigo: 108149Peça desenvolvida com alto padrão de qualidade, ideal para reposição no conjunto d...",,,"eixo 17mm
eixo planti center
eixo de disco
pecas para planti center",https://www.ingafert.com.br/eixo-disco-semente-17mm-lado-direito-para-planti-center-108149-alta-resistencia/p,https://images.yampi.me/assets/stores/ingafert-pecas-agricolas/uploads/images/eixo-disco-semente-17mm-lado-direito-para-planti-center-108149-alta-resistencia-69a716788b590-medium.jpeg
44240876,sim,nao,Incoparts,,84329000,Eixo Disco Semente Lado Esquerdo 17MM Para Planti Center 108150 Reforçado,sim,nao,Peças para Plantadeira;PLANTI CENTER;PRODUTOS;PRODUTOS EM PROMOÇÃO;PRODUTOS EM PROMOÇÃO > Principais Produtos,,,,COMPRA GARANTIDA MERCADO PAGO,eixo-disco-semente-lado-esquerdo-para-planti-center-108150-reforcado,,"<h2>  EIXO DISCO SEMENTE   LADO ESQUERDO</h2><p>Compatível com Plantadeiras Planti Center</p><p> Código: 108150</p><p>Peça desenvolvida para reposição no conjunto do disco de semente, garantindo fixação segura, alinhamento correto e alto desempenho no plantio.</p><p>Ideal para quem busca durabilidade e precisão no campo.</p><h2>  APLICAÇÃO</h2><p>  Plantadeiras Planti Center</p><p>   Lado Esquerdo</p><p>   Código original: 108150</p><p>  Importante: Verifique sempre o lado correto antes da compra.</p><h2>  ESPECIFICAÇÕES TÉCNICAS</h2><p>  Fabricado em aço de alta resistência</p><p>   Usinagem de precisão</p><p>   Roscas reforçadas</p><p>   Encaixe perfeito no conjunto</p><p>   Produto novo</p><h2>  BENEFÍCIOS NO CAMPO</h2><p>  Maior vida útil</p><p>   Reduz desgaste prematuro</p><p>   Mantém o alinhamento do disco</p><p>   Segurança na operação</p><h2>  ENVIO</h2><p>  Produto a pronta entrega</p><p>   Postagem rápida</p><p>   Embalagem reforçada</p><h2>  GARANTIA</h2><p>  90 dias contra defeito de fabricação</p><h2><br /></h2>",0,nao,0,,,0,,Eixo Disco Semente Lado Esquerdo Para Planti Center Alta Resistência,"Compatível com Plantadeiras Planti CenterCódigo: 108150Peça desenvolvida para reposição no conjunto do disco de semente, garantindo fixação segura, alinhamen...",,,"Eixo disco semente lado esquerdo
Eixo plantadeira Planti Center
Peça plantadeira reposição
Eixo lado esquerdo plantio",https://www.ingafert.com.br/eixo-disco-semente-lado-esquerdo-para-planti-center-108150-reforcado/p,https://images.yampi.me/assets/stores/ingafert-pecas-agricolas/uploads/images/eixo-disco-semente-lado-esquerdo-para-planti-center-108150-reforcado-69a74501c3a0d-medium.png
44243490,sim,nao,Incoparts,,84329000,Kit Eixo Disco Semente Para Planti Center 108330 Lado Direito e Esquerdo,sim,nao,Peças para Plantadeira;PLANTI CENTER;PRODUTOS;PRODUTOS EM PROMOÇÃO;PRODUTOS EM PROMOÇÃO > Principais Produtos,,,,COMPRA GARANTIDA MERCADO PAGO,kit-eixo-disco-semente-para-planti-center-108330-lado-direito-e-esquerdo,,"<h2>KIT EIXO DISCO SEMENTE</h2><p>Compatível com Plantadeiras Planti Center</p><p>Referência: 108330</p><p>Kit completo para reposição do conjunto do disco de semente, garantindo alinhamento correto, fixação segura e maior durabilidade no plantio.</p><p>Ideal para quem busca eficiência e menos paradas na lavoura.</p><h2>  O KIT CONTÉM:</h2><p>  01 Eixo Disco Semente Lado Direito</p><p>  01 Eixo Disco Semente Lado Esquerdo</p><p>(Produto novo)</p><h2>  APLICAÇÃO</h2><p>  Plantadeiras Planti Center</p><p>  Referência original: 108330</p><p>  Sempre confirme o código da sua peça antes da compra.</p><h2>  ESPECIFICAÇÕES TÉCNICAS</h2><p>  Fabricado em aço de alta resistência</p><p>  Usinagem de precisão</p><p>  Roscas reforçadas</p><p>  Excelente encaixe</p><p>  Alta durabilidade no campo</p><h2>  BENEFÍCIOS</h2><p>  Maior vida útil</p><p>  Melhor desempenho no plantio</p><p>  Redução de folgas no conjunto</p><p>  Reposição segura e confiável</p><h2>  ENVIO RÁPIDO</h2><p>  Produto a pronta entrega</p><p>  Postagem rápida</p><p>  Embalagem segura</p><h2>  GARANTIA</h2><p>  90 dias contra defeito de fabricação</p><h2>  PERGUNTAS FREQUENTES</h2><p>  Serve em qualquer modelo?</p><p>Compatível com plantadeiras Planti Center conforme referência 108330.</p><p>  É novo?</p><p>Sim, produto novo.</p><h1><br /></h1><h1><br /></h1>",3,nao,0,,,0,,"Kit Eixo Disco Semente Para Planti Center 108330 Lado Direito,Esquerdo","Compatível com Plantadeiras Planti CenterReferência: 108330Kit completo para reposição do conjunto do disco de semente, garantindo alinhamento correto, fixaç...",,,"Kit eixo disco semente,Eixo plantadeira Planti Center,Peças para plantadeira,Eixo disco plantio",https://www.ingafert.com.br/kit-eixo-disco-semente-para-planti-center-108330-lado-direito-e-esquerdo/p,https://images.yampi.me/assets/stores/ingafert-pecas-agricolas/uploads/images/kit-eixo-disco-semente-para-planti-center-108330-lado-direito-e-esquerdo-69a74c0ea694e-medium.png
45044978,sim,nao,Incoparts,,84329000,Suporte Fixação Linha Adubo Disco Corte Planti Center 308881 030888,sim,nao,CATALOGO;Peças para Plantadeira;PLANTI CENTER;PRODUTOS;PRODUTOS EM PROMOÇÃO;PRODUTOS EM PROMOÇÃO > Principais Produtos,Peças Para Planti Center;Novidades,,,,suporte-fixacao-linha-adubo-disco-corte-planti-center-308881-030888,,<p>Suporte de fixação da linha de adubo/disco de corte para plantadeira Planti Center. Referências 308881 / 030888. Peça de reposição agrícola para manutenção do conjunto de plantio.</p><p><br /></p>,3,nao,0,"<p><br /></p><ul><li>Produto: Suporte de Fixação</li><li>Aplicação: Linha de adubo / disco de corte</li><li>Marca de aplicação: Planti Center</li><li>Código / Referência: 308881</li><li>Código alternativo: 030888</li><li>Tipo de peça: Reposição agrícola</li><li>Uso indicado: Plantadeiras e implementos agrícolas Planti Center</li><li>Função: Auxilia na fixação e sustentação do conjunto da linha de plantio</li><li>Material: Aço / metal resistente</li><li>Acabamento: Pintura ou tratamento anticorrosivo, conforme fornecedor</li><li>Compatibilidade: Conferir código da peça antiga antes da compra</li><li>Condição: Produto novo</li><li>Unidade de venda: 1 unidade</li></ul><p><br /></p>",,0,,Suporte Fixação Linha Adubo Disco Corte Planti Center 308881 030888,Suporte de fixação da linha de adubo/disco de corte para plantadeira Planti Center. Referências 308881 / 030888. Peça de reposição agrícola para manutenção do c,,,"planti center, pecas maquinas agricolas, maquinas agricolas,",https://www.ingafert.com.br/suporte-fixacao-linha-adubo-disco-corte-planti-center-308881-030888/p,https://images.yampi.me/assets/stores/ingafert-pecas-agricolas/uploads/images/suporte-fixacao-linha-adubo-disco-corte-planti-center-308881-030888-6a05cdea298fb-medium.png
45046577,sim,nao,Incoparts,,,Suporte Eixo Disco de Corte com Furo 326960 326960032696 32.696-0,sim,nao,Peças para Plantadeira;PLANTI CENTER;PRODUTOS;PRODUTOS EM PROMOÇÃO;PRODUTOS EM PROMOÇÃO > Principais Produtos,,,,,suporte-eixo-disco-de-corte-com-furo-326960,,"<p>O Suporte Eixo Disco de Corte com Furo   Referência 326960 é indicado para reposição em equipamentos agrícolas que utilizam disco de corte em seu sistema de trabalho.</p><p><br /></p><p>Fabricado para suportar as exigências do campo, esse componente auxilia na fixação e sustentação do eixo do disco, contribuindo para o bom desempenho do conjunto de corte.</p><p>  OUTROS CÓDIGOS EQUIVALENTES</p><p>   326960 032696 32.696-0</p>",3,nao,0,<p><br /></p><ul><li>Referência: 326960</li><li>Nome: Suporte eixo disco de corte com furo</li><li>Categoria: Peças agrícolas</li><li>Aplicação: conjunto de disco de corte</li><li>Produto ideal para reposição e manutenção preventiva</li></ul><p>          Para Plantadeira Planti Center </p><p>          Conjunto Linha de Adubo Big Farm G-4</p><p>           ANTIGO 01.998-9</p>,,0,,Suporte Eixo Disco de Corte com Furo Para Planti center REF:326960,"O Suporte Eixo Disco de Corte com Furo 326960 é uma peça de reposição utilizada em conjuntos de corte de máquinas e implementos agrícolas, oferecendo suporte e",,,,https://www.ingafert.com.br/suporte-eixo-disco-de-corte-com-furo-326960/p,https://images.yampi.me/assets/stores/ingafert-pecas-agricolas/uploads/images/suporte-eixo-disco-de-corte-com-furo-326960-326960032696-32696-0-6a060f8e93eac-medium.png
45158802,sim,nao,Incoparts,,84329000,Barra Espaçadora Maior REF: 024185,sim,nao,CATALOGO;Peças para Plantadeira;PLANTADEIRA;PLANTI CENTER;PRODUTOS;PRODUTOS EM PROMOÇÃO;PRODUTOS EM PROMOÇÃO > Principais Produtos,,,,,barra-espacadora-maior-024185,,"<p>A Barra Espaçadora Maior Plantadeira Planti center REF: 024185 é uma peça agrícola desenvolvida para garantir resistência, encaixe preciso e excelente desempenho no funcionamento do equipamento. Produzida com materiais de alta durabilidade, oferece maior segurança e eficiência nas operações agrícolas.</p><p>Ideal para reposição e manutenção de máquinas agrícolas, proporcionando melhor desempenho no campo e maior vida útil ao equipamento.</p><p>  Alta resistência</p><p>   Excelente acabamento</p><p>   Fácil instalação</p><p>   Peça de qualidade para máquinas agrícolas</p><p>Compre com segurança na Ingafert Peças Agrícolas e receba atendimento especializado.</p>",3,nao,0,,,0,,Barra Espaçadora Maior 024185,"Compre Barra Espaçadora Maior REF: 024185 na Ingafert. Peça agrícola resistente, com excelente qualidade e ótimo custo-benefo para manutenção de máquinas agrícolas.",,,"planti center,plantadeira,pecas,maquinas agricolas",https://www.ingafert.com.br/barra-espacadora-maior-024185/p,https://images.yampi.me/assets/stores/ingafert-pecas-agricolas/uploads/images/barra-espacadora-maior-ref-024185-6a11e1836e599-medium.jpeg
45158894,sim,nao,Incoparts,,,Pino Fixação 25x123mm Planti Center 002511,sim,nao,Peças para Plantadeira,,,,,pino-fixacao-25x123mm-planti-center-002511,,"<p>O Pino Fixação 25x123mm Planti Center 002511 é uma peça agrícola desenvolvida para proporcionar fixação segura, resistência e excelente desempenho em implementos agrícolas da linha Planti Center.</p><p>Fabricado com material de alta durabilidade e acabamento resistente, é ideal para reposição e manutenção de máquinas agrícolas, garantindo maior segurança e eficiência nas operações no campo.</p><p>  Alta resistência e durabilidade</p><p>   Fixação precisa e segura</p><p>   Excelente acabamento</p><p>   Ideal para manutenção agrícola</p><p>   Compatível com equipamentos Planti Center</p>",0,nao,0,,,0,,Pino Fixação 25x123mm Planti Center 002511,"Compre Pino Fixação 25x123mm Planti Center 002511 na Ingafert. Peça agrícola resistente, ideal para manutenção e reposição de implementos agrícolas Planti Center.",,,,https://www.ingafert.com.br/pino-fixacao-25x123mm-planti-center-002511/p,https://images.yampi.me/assets/stores/ingafert-pecas-agricolas/uploads/images/pino-fixacao-25x123mm-planti-center-002511-6a11e58863cc0-medium.jpeg
45158999,sim,nao,Incoparts,,,Bucha do Eixo Limitador de Profundidade Planti Center 027430,sim,nao,CATALOGO;Peças para Plantadeira;PLANTADEIRA;PLANTI CENTER;PRODUTOS;PRODUTOS EM PROMOÇÃO > Principais Produtos,,,,,bucha-eixo-limitador-profundidade-planti-center-027430,,"<p>A Bucha do Eixo Limitador de Profundidade Planti Center 027430 é uma peça agrícola fundamental para o perfeito funcionamento do sistema limitador de profundidade em plantadeiras agrícolas. Desenvolvida com material de alta resistência e excelente acabamento, garante maior durabilidade, encaixe preciso e melhor desempenho durante o plantio.</p><p>Ideal para manutenção preventiva e reposição, essa bucha auxilia na estabilidade operacional da plantadeira, reduzindo desgastes e aumentando a eficiência no campo. Compatível com equipamentos Planti Center, é indicada para produtores rurais que buscam qualidade, segurança e máxima produtividade agrícola.</p><p>Na Ingafert Peças Agrícolas você encontra peças para plantadeiras, tratores e implementos agrícolas com excelente qualidade, envio rápido e atendimento especializado.</p><h2>Vantagens da peça</h2><p>  Alta resistência ao desgaste</p><p>   Excelente durabilidade</p><p>   Encaixe perfeito no equipamento</p><p>   Melhor desempenho da plantadeira</p><p>   Ideal para manutenção agrícola</p><p>   Compatível com Planti Center</p><h2>Aplicação</h2><ul><li>Plantadeiras Planti Center</li><li>Sistema limitador de profundidade</li><li>Reposição e manutenção agrícola</li></ul><h2>Código da Peça</h2><ul><li>Código antigo: 027430</li><li>Código novo: 002743</li></ul><p>A Ingafert é referência em peças agrícolas, oferecendo produtos de qualidade para manutenção de máquinas e implementos agrícolas em todo o Brasil.A Bucha do Eixo Limitador de Profundidade Planti Center 027430 é uma peça agrícola fundamental para o perfeito funcionamento do sistema limitador de profundidade em plantadeiras agrícolas. Desenvolvida com material de alta resistência e excelente acabamento, garante maior durabilidade, encaixe preciso e melhor desempenho durante o plantio.</p><p>Ideal para manutenção preventiva e reposição, essa bucha auxilia na estabilidade operacional da plantadeira, reduzindo desgastes e aumentando a eficiência no campo. Compatível com equipamentos Planti Center, é indicada para produtores rurais que buscam qualidade, segurança e máxima produtividade agrícola.</p><p>Na Ingafert Peças Agrícolas você encontra peças para plantadeiras, tratores e implementos agrícolas com excelente qualidade, envio rápido e atendimento especializado.</p><h2>Vantagens da peça</h2><p>  Alta resistência ao desgaste</p><p>   Excelente durabilidade</p><p>   Encaixe perfeito no equipamento</p><p>   Melhor desempenho da plantadeira</p><p>   Ideal para manutenção agrícola</p><p>   Compatível com Planti Center</p><h2>Aplicação</h2><ul><li><strong>Plantadeiras Planti Center</strong></li><li><strong>Sistema limitador de profundidade</strong></li><li><strong>Reposição e manutenção agrícola</strong></li></ul><h2>Código da Peça</h2><ul><li><strong>Código antigo: 027430</strong></li><li><strong>Código novo: 002743</strong></li></ul><p>A Ingafert é referência em peças agrícolas, oferecendo produtos de qualidade para manutenção de máquinas e implementos agrícolas em todo o Brasil.</p>",3,nao,0,,,0,,Bucha Eixo Limitador de Profundidade Planti Center 027430,"Compre Bucha do Eixo Limitador de Profundidade Planti Center 027430 na Ingafert. Peça agrícola resistente para plantadeiras, com encaixe preciso, alta durabilidade e envio rápido para todo Brasil.",,,"PLANTI CENTER, BUCHA, MAQUINAS AGRICOLAS, PECAS",https://www.ingafert.com.br/bucha-eixo-limitador-profundidade-planti-center-027430/p,https://images.yampi.me/assets/stores/ingafert-pecas-agricolas/uploads/images/bucha-do-eixo-limitador-de-profundidade-planti-center-027430-6a11e834b0ccd-medium.jpeg
45159129,sim,nao,Incoparts,,,Vareta da Mola do Adubo Premier 054193 Plantadeira Planti Center,sim,nao,Peças para Plantadeira;PLANTADEIRA;PLANTI CENTER;PRODUTOS,,,,,vareta-mola-adubo-premier-054193,,"<p>A Vareta da Mola do Adubo Premier Ref. 054193 é uma peça desenvolvida para sistemas de adubação de plantadeiras Premier Planti Center, garantindo resistência, estabilidade e excelente desempenho no campo.</p><p>Fabricada com alta durabilidade, essa vareta atua no conjunto da mola do adubo, proporcionando funcionamento eficiente da linha de adubação e maior segurança operacional durante o plantio.</p><p>Indicada para reposição em plantadeiras Premier após 11/2018, mantendo o padrão original de encaixe e funcionamento.</p><p><strong>Aplicação:</strong></p><p>   Plantadeiras Planti Center Premier</p><p>   Linha de adubo Premier</p><p>   Modelos após 11/2018</p><p><strong>Código da peça:</strong> 054193</p><p> <strong>Produto:</strong> Vareta da mola do adubo</p><p> <strong>Categoria:</strong> Peças para plantadeiras / Sistema de adubação</p>",3,nao,0,,,0,,Vareta Mola Adubo Premier 054193 para Plantadeira,"Compre Vareta da Mola do Adubo Premier Ref 054193 para plantadeiras Planti Center. Peça resistente, alta durabilidade e envio para todo Brasil.",,,,https://www.ingafert.com.br/vareta-mola-adubo-premier-054193/p,https://images.yampi.me/assets/stores/ingafert-pecas-agricolas/uploads/images/vareta-da-mola-do-adubo-premier-054193-plantadeira-planti-center-6a11f3986be0b-medium.png
45254805,sim,nao,Incoparts,,84329000,"Abraçadeira V M16 x 2,00 123x87mm PLANTI CENTER Ref 031499",sim,nao,CATALOGO;Peças para Plantadeira;PLANTADEIRA;PLANTI CENTER;PRODUTOS;PRODUTOS EM PROMOÇÃO > Principais Produtos,,,,,abracadeira-v-m16-2-00-123x87mm-031499,,"<p>A Abraçadeira V M16 x 2,00 123x87mm Ref. 031499 é uma peça agrícola desenvolvida para garantir fixação segura, resistência e excelente desempenho em máquinas agrícolas. Produzida com materiais de alta qualidade, oferece durabilidade e ótimo encaixe para manutenção e reposição no campo.</p><p>Ideal para agricultores, oficinas e revendas que buscam peças confiáveis com envio rápido para todo o Brasil.</p>",3,nao,0,,,0,,"Abraçadeira V M16 x 2,00 123x87mm Planti Center Ref 031499","Compre Abraçadeira V M16 x 2,00 123x87mm Ref 031499 para máquinas agrícolas. Alta resistência, excelente fixação e envio rápido para todo Brasil.abraçadeira v m16, 031499, abraçadeira agrícola, peça agrícola, abraçadeira 123x87mm, peças para máquinas agrícolas, abraçadeira reforçada, peças agrícolas online",,,"panti center, abracadeira, pecas maquinas agricolas, plantadeira, 031499",https://www.ingafert.com.br/abracadeira-v-m16-2-00-123x87mm-031499/p,https://images.yampi.me/assets/stores/ingafert-pecas-agricolas/uploads/images/abracadeira-v-m16-x-200-123x87mm-planti-center-ref-031499-6a1f0bf1f417b-medium.jpeg
45264633,sim,nao,Incoparts,,,Braço Superior do Pantógrafo Planti Center Ref 103933 Peça Agrícola,sim,nao,CATALOGO;Peças para Plantadeira;PLANTADEIRA;PLANTI CENTER;PRODUTOS;PRODUTOS EM PROMOÇÃO;PRODUTOS EM PROMOÇÃO > Principais Produtos,,,,,braco-superior-pantografo-planti-center-103933,,"<p>O Braço Superior do Pantógrafo Ref. 103933 é uma peça agrícola desenvolvida para aplicação em máquinas Planti Center, garantindo resistência, estabilidade e excelente desempenho no trabalho no campo.</p><p>Fabricado com materiais de alta qualidade, proporciona ótimo encaixe, alta durabilidade e segurança durante a operação da plantadeira, sendo ideal para manutenção e reposição agrícola.</p><p>Indicado para agricultores, oficinas, mecânicos agrícolas e revendas que buscam peças confiáveis com excelente custo-benefício.</p><h3>Compatibilidade:</h3><ul><li>Planti Center</li></ul><h3>Benefícios:</h3><p>Alta resistência</p><p>Excelente acabamento</p><p>Ótimo encaixe</p><p>Peça reforçada</p><p>Ideal para reposição agrícola</p><p>Envio rápido para todo Brasil</p>",3,nao,0,,,0,,Braço Superior Pantógrafo Planti Center Ref 103933,Compre Braço Superior do Pantógrafo Planti Center Ref 103933. Peça agrícola reforçada com alta durabilidade e envio rápido para todo Brasil.,,,"PLANTI CENTER, BRACO PANTOGRAFO, MAQUINAS AGRICOLAS, PLANTADEIRA, PECAS",https://www.ingafert.com.br/braco-superior-pantografo-planti-center-103933/p,https://images.yampi.me/assets/stores/ingafert-pecas-agricolas/uploads/images/braco-inferior-do-pantografo-planti-center-ref-103935-peca-agricola-6a2031b2ce15a-medium.png
45279901,sim,nao,Incoparts,,,Braço Inferior Pantógrafo Planti Center Ref 103935,sim,nao,Peças para Plantadeira;PLANTADEIRA;PLANTI CENTER;PRODUTOS;PRODUTOS EM PROMOÇÃO > Principais Produtos,,,,,braco-inferior-pantografo-planti-center-103935,,"<p>O Braço Inferior do Pantógrafo Ref. 103935 é uma peça agrícola desenvolvida para aplicação em máquinas Planti Center, garantindo resistência, estabilidade e excelente desempenho no trabalho no campo.</p><p>Fabricado com materiais de alta qualidade, proporciona ótimo encaixe, alta durabilidade e segurança durante a operação da plantadeira, sendo ideal para manutenção e reposição agrícola.</p><p>Indicado para agricultores, oficinas, mecânicos agrícolas e revendas que buscam peças confiáveis com excelente custo-benefício.</p><h3>Compatibilidade:</h3><ul><li>Planti Center</li></ul><h3>Benefícios:</h3><p>  Alta resistência</p><p>   Excelente acabamento</p><p>   Ótimo encaixe</p><p>   Peça reforçada</p><p>   Ideal para reposição agrícola</p><p>   Envio rápido para todo Brasil</p>",3,nao,0,,,0,,Braço Inferior Pantógrafo Planti Center Ref 103935,Compre Braço Inferior do Pantógrafo Planti Center Ref 103935. Peça agrícola reforçada com alta durabilidade e envio rápido para todo Brasil.,,,"BRACO INFERIOR, PLANTI CENTER, PECA MAQUINA AGRICOLA, 103935",https://www.ingafert.com.br/braco-inferior-pantografo-planti-center-103935/p,https://images.yampi.me/assets/stores/ingafert-pecas-agricolas/uploads/images/braco-inferior-pantografo-planti-center-ref-103935-6a2044a8e8896-medium.png
45279994,sim,nao,Incoparts,,,Guia da Mola Pantógrafo Planti Center Ref. 104049 | Peça de Reposição para Plantadeiras,sim,nao,Peças para Plantadeira;PLANTADEIRA;PLANTI CENTER;PRODUTOS;PRODUTOS EM PROMOÇÃO > Principais Produtos,,,,,guia-mola-pantografo-planti-center-104049,,"<h2>Guia da Mola Pantógrafo Planti Center Ref. 104049</h2><p>O <strong>Guia da Mola Pantógrafo Planti Center Ref. 104049</strong> é um componente essencial para o correto funcionamento do sistema pantográfico da plantadeira, garantindo estabilidade, alinhamento e desempenho uniforme durante o plantio.</p><p>Fabricado com material de alta resistência, oferece excelente durabilidade mesmo em condições severas de trabalho, reduzindo desgastes prematuros e aumentando a vida útil do conjunto.</p><p>Ideal para produtores que buscam manter a eficiência operacional da máquina e evitar paradas inesperadas durante a safra.</p><h3>Benefícios do Produto</h3><p>  Alta resistência mecânica</p><p>  Excelente durabilidade</p><p>  Encaixe preciso</p><p>  Maior estabilidade do sistema pantográfico</p><p>  Redução de desgaste em componentes relacionados</p><p>  Melhor desempenho da plantadeira</p><p>  Fácil instalação</p><h3>Aplicação</h3><ul><li>Plantadeiras Planti Center</li><li>Sistema Pantográfico</li></ul><p><strong>Referência:</strong> 104049</p><h3>Especificações Técnicas</h3><ul><li>Produto: Guia da Mola Pantógrafo</li><li>Referência: 104049</li><li>Material: Aço de alta resistência</li><li>Condição: Novo</li><li>Aplicação: Plantadeiras Planti Center</li></ul><h3>Conteúdo da Embalagem</h3><ul><li>01 Guia da Mola Pantógrafo Ref. 104049</li></ul><h3>Por que comprar na Ingafert?</h3><p>  Estoque próprio</p><p>  Envio rápido para todo Brasil</p><p>  Atendimento especializado em peças agrícolas</p><p>  Produtos selecionados para máxima durabilidade</p><p>  Segurança e confiança na compra</p>",3,nao,0,,,0,,Guia da Mola Pantógrafo Planti Center 104049 | Ingafert Peças Agrícola,Compre Guia da Mola Pantógrafo Planti Center Ref. 104049 com envio rápido e garantia. Peça de alta resistência para máxima eficiência no plantio.,,,"GUIA MOLA, PLANTI CENTER, MAQUINA AGRICOLA, 104049",https://www.ingafert.com.br/guia-mola-pantografo-planti-center-104049/p,https://images.yampi.me/assets/stores/ingafert-pecas-agricolas/uploads/images/guia-da-mola-pantografo-planti-center-ref-104049-peca-de-reposicao-para-plantadeiras-6a204a5fa0ad6-medium.png
45300718,sim,nao,Incoparts,,,"Eixo de Transmissão Sextavado sem Furo 5/8"" x 80mm Planti Center Ref. 027786",sim,nao,Peças para Plantadeira;PLANTADEIRA;PLANTI CENTER;PRODUTOS;PRODUTOS EM PROMOÇÃO > Principais Produtos,,,,,eixo-transmissao-sextavado-sem-furo-5-8x80-027786-planti-center,,"<h2>Eixo de Transmissão Sextavado Sem Furo 15,88mm (5/8"") x 80mm Ref. 027786 Planti Center</h2><p>O <strong>Eixo de Transmissão Sextavado Sem Furo Ref. 027786 Planti Center</strong> é um componente desenvolvido para garantir transmissão eficiente de torque e perfeito acoplamento aos conjuntos mecânicos das plantadeiras.</p><p>Fabricado com material de alta resistência mecânica, proporciona excelente durabilidade mesmo em condições severas de trabalho, suportando esforços constantes durante o plantio e contribuindo para o desempenho operacional da máquina.</p><p>Sua construção sextavada oferece melhor transmissão de força, reduzindo folgas e proporcionando maior segurança e confiabilidade durante a operação.</p><h2>Aplicação</h2><p>Compatível com equipamentos e conjuntos agrícolas que utilizam:</p><ul><li>Eixo sextavado 5/8""</li><li>Comprimento 80 mm</li><li>Sistemas Planti Center</li></ul><p><strong>Referência:</strong> 027786</p><h2>Benefícios</h2><p>  Alta resistência mecânica</p><p>  Excelente transmissão de torque</p><p>  Menor desgaste dos componentes</p><p>  Encaixe preciso</p><p>  Maior durabilidade em campo</p><p>  Peça de reposição para manutenção preventiva e corretiva</p><p>  Fácil instalação</p><h2>Especificações Técnicas</h2><ul><li>Produto: Eixo de Transmissão Sextavado</li><li>Referência: 027786</li><li>Marca compatível: Planti Center</li><li>Tipo: Sem Furo</li><li>Medida: 15,88 mm (5/8"")</li><li>Comprimento: 80 mm</li><li>Material: Aço de alta resistência</li><li>Condição: Novo</li></ul><h2>Conteúdo da Embalagem</h2><ul><li>01 Eixo de Transmissão Sextavado Sem Furo 5/8"" x 80mm Ref. 027786</li></ul><h2>Por que comprar na Ingafert?</h2><p>  Especialistas em peças agrícolas</p><p>  Estoque próprio</p><p>  Envio rápido para todo o Brasil</p><p>  Atendimento especializado</p><p>  Segurança na compra</p><p>  Peças selecionadas para máxima durabilidade</p>",3,nao,0,,,0,,"eixo sextavado 5/8, eixo transmissão sextavado, eixo 027786","Compre Eixo de Transmissão Sextavado sem Furo 5/8 x 80mm Ref. 027786 Planti Center. Alta resistência, encaixe preciso e envio rápido para todo o Brasil.",,,"eixo sextavado 5/8, eixo transmissão sextavado, eixo 027786 planti center, eixo sem furo planti center, eixo sextavado 15,88mm, peças planti center, peças para plantadeira, eixo transmissão agrícola, reposição plantadeira planti center, eixo 5/8 x 80mm, peças agrícolas planti center, eixo de transmissão agrícola",https://www.ingafert.com.br/eixo-transmissao-sextavado-sem-furo-5-8x80-027786-planti-center/p,https://images.yampi.me/assets/stores/ingafert-pecas-agricolas/uploads/images/eixo-de-transmissao-sextavado-sem-furo-58-x-80mm-planti-center-ref-027786-6a232ec12bda2-medium.png
45300786,sim,nao,Incoparts,,,"Batente Sextavado 15,88mm (5/8"") Planti Center Ref. 036364",sim,nao,CATALOGO;Peças para Plantadeira;PLANTADEIRA;PRODUTOS;PRODUTOS EM PROMOÇÃO > Principais Produtos,,,,,batente-sextavado-1588mm-58-planti-center-ref-036364,,"<h2>Batente Sextavado 15,88mm (5/8"") Ref. 036364 Planti Center</h2><p>O <strong>Batente Sextavado Ref. 036364 Planti Center</strong> é um componente utilizado em sistemas de transmissão e acionamento de plantadeiras, garantindo posicionamento adequado, estabilidade e segurança durante a operação.</p><p>Fabricado em material de alta resistência, possui perfil sextavado de 15,88mm (5/8""), proporcionando encaixe preciso e excelente transmissão de força entre os componentes mecânicos.</p><p>Sua construção robusta ajuda a minimizar folgas, reduzir desgastes prematuros e aumentar a durabilidade do conjunto, contribuindo para o melhor desempenho da máquina no campo.</p><h2>Aplicação</h2><ul><li>Plantadeiras Planti Center</li><li>Sistemas de transmissão sextavada</li><li>Conjuntos de acionamento agrícola</li></ul><p><strong>Referência:</strong> 036364</p><h2>Benefícios</h2><p>  Encaixe preciso</p><p>  Alta resistência mecânica</p><p>  Excelente durabilidade</p><p>  Redução de folgas e desgastes</p><p>  Maior confiabilidade operacional</p><p>  Fácil instalação</p><p>  Ideal para manutenção preventiva e corretiva</p><h2>Especificações Técnicas</h2><ul><li>Produto: Batente Sextavado</li><li>Referência: 036364</li><li>Perfil: Sextavado</li><li>Medida: 15,88mm (5/8"")</li><li>Aplicação: Plantadeiras Planti Center</li><li>Material: Aço de alta resistência</li><li>Condição: Novo</li></ul><h2>Conteúdo da Embalagem</h2><ul><li>01 Batente Sextavado 15,88mm Ref. 036364</li></ul><h2>Diferenciais Ingafert</h2><p>  Especialistas em peças agrícolas</p><p>  Estoque próprio</p><p>  Envio rápido para todo o Brasil</p><p>  Atendimento especializado</p><p>  Compra segura</p><p>  Peças selecionadas para máxima durabilidade</p>",3,nao,0,,,0,,"Batente Sextavado 15,88mm Planti Center 036364 | Ingafert","Compre Batente Sextavado 15,88mm (5/8"") Ref. 036364 Planti Center. Peça de alta resistência para transmissão e acoplamento em sistemas agrícolas. Envio rápido para todo o Brasil.",,,"batente sextavado 15,88mm, batente sextavado 5/8, batente planti center, batente 036364, peça planti center, transmissão sextavada agrícola, peças para plantadeira, reposição planti center, batente agrícola, eixo sextavado 5/8, peças agrícolas planti center, manutenção plantadeira",https://www.ingafert.com.br/batente-sextavado-1588mm-58-planti-center-ref-036364/p,https://images.yampi.me/assets/stores/ingafert-pecas-agricolas/uploads/images/batente-sextavado-1588mm-58-planti-center-ref-036364-6a2332fa48012-medium.png
45300930,sim,nao,Incoparts,,,Eixo do Disco de Corte Unibraço Planti Center Ref. 381932,sim,nao,CATALOGO;Peças para Plantadeira;PLANTADEIRA;PLANTI CENTER;PRODUTOS;PRODUTOS EM PROMOÇÃO > Principais Produtos,,,,,eixo-disco-corte-unibraco-381932-planti-center,,"<h2>Eixo do Disco de Corte Unibraço Planti Center Ref. 381932 | </h2><p><br /></p><p>O <strong>Eixo do Disco de Corte Unibraço Ref. 381932</strong>, é um componente fundamental para o correto funcionamento do conjunto de disco de corte das plantadeiras Planti Center.</p><p>Projetado para suportar elevadas cargas de trabalho e condições severas do campo, garante o alinhamento adequado do disco, proporcionando maior estabilidade operacional e eficiência na abertura do sulco de plantio.</p><p>Fabricado com material de alta resistência mecânica, oferece excelente durabilidade, reduzindo desgastes prematuros e aumentando a vida útil do conjunto.</p><h2>Aplicação</h2><ul><li>Disco de Corte Unibraço</li><li>Plantadeiras Planti Center</li></ul><p><strong>Referência Original:</strong> 381932</p><p><br /></p><h2>Benefícios</h2><p>  Alta resistência mecânica</p><p>  Excelente durabilidade em campo</p><p>  Encaixe preciso</p><p>  Maior estabilidade do conjunto</p><p>  Redução de folgas e vibrações</p><p>  Melhor desempenho do disco de corte</p><p>  Fácil instalação</p><h2>Especificações Técnicas</h2><ul><li>Produto: Eixo do Disco de Corte Unibraço</li><li>Referência: 381932</li><li>Aplicação: Disco de Corte Unibraço</li><li>Compatibilidade: Plantadeiras Planti Center</li><li>Material: Aço de alta resistência</li><li>Condição: Novo</li></ul><h2>Conteúdo da Embalagem</h2><ul><li>01 Eixo do Disco de Corte Unibraço Ref. 381932</li></ul><h2>Diferenciais Ingafert</h2><p>  Especialistas em peças agrícolas</p><p>  Estoque próprio</p><p>  Envio rápido para todo o Brasil</p><p>  Atendimento especializado</p><p>  Compra segura</p><p>  Peças selecionadas para máxima durabilidade</p>",3,nao,0,,,0,,Eixo do Disco de Corte Unibraço Planti Center Ref. 381932,"Compre Eixo do Disco de Corte Unibraço Ref. 381932 Planti Center. Alta resistência, encaixe preciso e máxima durabilidade para o sistema de corte da plantadeira.",,,"ixo disco de corte unibraco, eixo 381932, eixo planti center, eixo disco de corte plantadeira, eixo unibraco planti center, incoparts 00200287, eixo disco agrícola, peças planti center, reposição disco de corte, eixo para plantadeira, peças agrícolas planti center, manutenção plantadeira",https://www.ingafert.com.br/eixo-disco-corte-unibraco-381932-planti-center/p,https://images.yampi.me/assets/stores/ingafert-pecas-agricolas/uploads/images/eixo-do-disco-de-corte-unibraco-planti-center-ref-381932-6a233798d0026-medium.png
45301283,sim,nao,Incoparts,,,Aro Interno da Roda Limitadora Planti Center Ref. 107897,sim,nao,CATALOGO;Peças para Plantadeira;PLANTADEIRA;PLANTI CENTER;PRODUTOS;PRODUTOS EM PROMOÇÃO > Principais Produtos,,,,,aro-interno-roda-limitadora-107897-planti-center,,"<h2>Aro Interno da Roda Limitadora Planti Center Ref. 107897</h2><p>O <strong>Aro Interno da Roda Limitadora Ref. 107897 Planti Center</strong> é um componente essencial do conjunto da roda limitadora das plantadeiras, responsável por proporcionar suporte, alinhamento e funcionamento adequado durante as operações de plantio.</p><p>Produzido com materiais de alta resistência e excelente acabamento, garante maior durabilidade em condições severas de trabalho, reduzindo desgastes prematuros e contribuindo para a manutenção da profundidade uniforme da semente.</p><p>Sua utilização correta auxilia na estabilidade do conjunto limitador, favorecendo um plantio mais preciso e eficiente.</p><h2>Aplicação</h2><ul><li>Plantadeiras Planti Center</li><li>Conjunto da Roda Limitadora</li></ul><p><strong>Referência:</strong> 107897</p><h2>Benefícios</h2><p>  Alta resistência mecânica</p><p>  Excelente durabilidade</p><p>  Maior estabilidade da roda limitadora</p><p>  Melhor controle da profundidade de plantio</p><p>  Redução de desgastes prematuros</p><p>  Encaixe preciso</p><p>  Fácil instalação</p><h2>Especificações Técnicas</h2><ul><li>Produto: Aro Interno da Roda Limitadora</li><li>Referência: 107897</li><li>Aplicação: Roda Limitadora</li><li>Compatibilidade: Plantadeiras Planti Center</li><li>Material: Aço de alta resistência</li><li>Condição: Novo</li></ul><h2>Conteúdo da Embalagem</h2><ul><li>01 Aro Interno da Roda Limitadora Ref. 107897</li></ul><h2>Diferenciais Ingafert</h2><p>  Especialistas em peças agrícolas</p><p>  Estoque próprio</p><p>  Envio rápido para todo o Brasil</p><p>  Atendimento especializado</p><p>  Compra segura</p><p>  Peças selecionadas para máxima durabilidade</p>",3,nao,0,,,0,,Aro Interno da Roda Limitadora Ref. 107897 Planti Cente,Compre Aro Interno da Roda Limitadora Ref. 107897 Planti Center. Peça de alta resistência para manter a estabilidade e precisão da profundidade de plantio.,,,"aro interno roda limitadora, aro interno 107897, roda limitadora planti center, peça planti center, aro limitador plantadeira, roda limitadora agrícola, peças para plantadeira, reposição planti center, manutenção plantadeira, aro roda limitadora, peças agrícolas planti center, profundidade de plantio",https://www.ingafert.com.br/aro-interno-roda-limitadora-107897-planti-center/p,https://images.yampi.me/assets/stores/ingafert-pecas-agricolas/uploads/images/aro-interno-da-roda-limitadora-planti-center-ref-107897-6a233ec34135c-medium.png
45301322,sim,nao,Incoparts,,,Aro Externo da Roda Limitadora Planti Center Ref. 031161,sim,nao,CATALOGO;Peças para Plantadeira;PLANTADEIRA;PLANTI CENTER;PRODUTOS;PRODUTOS EM PROMOÇÃO > Principais Produtos,,,,,aro-externo-roda-limitadora-031161-planti-center,,"<h2>Aro Externo da Roda Limitadora Planti Center Ref. 031161</h2><p>O <strong>Aro Externo da Roda Limitadora Ref. 031161 Planti Center</strong> é um componente fundamental do conjunto limitador de profundidade das plantadeiras, responsável por oferecer sustentação, alinhamento e resistência durante as operações de plantio.</p><p>Sua função é auxiliar no controle uniforme da profundidade da semente, contribuindo diretamente para uma emergência homogênea da lavoura e melhor aproveitamento do potencial produtivo da cultura.</p><p>Fabricado com material de alta qualidade e excelente acabamento, suporta as condições severas encontradas no campo, proporcionando maior vida útil ao conjunto da roda limitadora.</p><h2>Aplicação</h2><ul><li>Plantadeiras Planti Center</li><li>Conjunto da Roda Limitadora</li></ul><p><strong>Referência:</strong> 031161</p><h2>Benefícios</h2><p>  Alta resistência estrutural</p><p>  Excelente durabilidade</p><p>  Maior estabilidade da roda limitadora</p><p>  Melhor controle da profundidade de plantio</p><p>  Redução de desgastes prematuros</p><p>  Encaixe preciso</p><p>  Fácil instalação</p><h2>Especificações Técnicas</h2><ul><li>Produto: Aro Externo da Roda Limitadora</li><li>Referência: 031161</li><li>Aplicação: Roda Limitadora</li><li>Compatibilidade: Plantadeiras Planti Center</li><li>Material: Aço estampado de alta resistência</li><li>Condição: Novo</li></ul><h2>Conteúdo da Embalagem</h2><ul><li>01 Aro Externo da Roda Limitadora Ref. 031161</li></ul><h2>Diferenciais Ingafert</h2><p>  Especialistas em peças agrícolas</p><p>  Estoque próprio</p><p>  Envio rápido para todo o Brasil</p><p>  Atendimento especializado</p><p>  Compra segura</p><p>  Peças selecionadas para máxima durabilidade</p>",3,nao,0,,,0,,Aro Externo da Roda Limitadora Planti Center Ref. 031161,Compre Aro Externo da Roda Limitadora Ref. 031161 Planti Center. Peça resistente e durável para manter a estabilidade e precisão da profundidade de plantio.,,,"aro externo roda limitadora, aro externo 031161, roda limitadora planti center, peça planti center, aro limitador plantadeira, roda limitadora agrícola, peças para plantadeira, reposição planti center, manutenção plantadeira, aro roda limitadora, peças agrícolas planti center, profundidade de plantio",https://www.ingafert.com.br/aro-externo-roda-limitadora-031161-planti-center/p,https://images.yampi.me/assets/stores/ingafert-pecas-agricolas/uploads/images/aro-externo-da-roda-limitadora-planti-center-ref-031161-6a2343082de1c-medium.png
45305495,sim,nao,Incoparts,,,Porca de Ajuste do Rolamento Planti Center Ref. 025257,sim,nao,CATALOGO;Peças para Plantadeira;PLANTADEIRA;PLANTI CENTER;PRODUTOS;PRODUTOS EM PROMOÇÃO,,,,,porca-ajuste-rolamento-025257-planti-center,,"<h2>Porca de Ajuste do Rolamento Planti Center Ref. 025257</h2><p>A <strong>Porca de Ajuste do Rolamento Ref. 025257 Planti Center</strong> é uma peça fundamental para a correta regulagem e fixação dos rolamentos utilizados nos conjuntos mecânicos das plantadeiras.</p><p>Sua função é garantir o ajuste adequado do rolamento, evitando folgas excessivas e proporcionando maior estabilidade operacional durante o trabalho no campo. Um ajuste correto contribui para reduzir desgastes prematuros, prolongar a vida útil dos componentes e manter o desempenho do equipamento.</p><p>Fabricada em aço de alta resistência, suporta as exigências das operações agrícolas, oferecendo excelente durabilidade e confiabilidade mesmo sob condições severas de uso.</p><h2>Aplicação</h2><ul><li>Plantadeiras Planti Center</li><li>Conjuntos com rolamentos agrícolas</li><li>Sistemas de transmissão e acionamento</li></ul><p><strong>Referência:</strong> 025257</p><h2>Especificações Técnicas</h2><ul><li>Produto: Porca de Ajuste do Rolamento</li><li>Referência: 025257</li><li>Aplicação: Sistemas com rolamentos agrícolas</li><li>Compatibilidade: Plantadeiras Planti Center</li><li>Material: Aço de alta resistência</li><li>Condição: Novo</li></ul><h2>Conteúdo da Embalagem</h2><ul><li>01 Porca de Ajuste do Rolamento Ref. 025257 </li></ul><p><br /></p>",3,nao,0,,,0,,Porca Ajuste do Rolamento 025257 Planti Center | Ingafert,Compre a Porca de Ajuste do Rolamento Ref. 025257 Planti Center. Peça de alta resistência para regulagem e fixação precisa de rolamentos em plantadeiras. Envio rápido para todo o Brasil.,,,"porca ajuste rolamento 025257, porca ajuste rolamento planti center, porca rolamento plantadeira, porca regulagem rolamento agrícola, peça planti center 025257, porca fixação rolamento, manutenção plantadeira, peças agrícolas planti center, reposição agrícola, rolamento plantadeira, componentes agrícolas, peças para plantadeiras",https://www.ingafert.com.br/porca-ajuste-rolamento-025257-planti-center/p,https://images.yampi.me/assets/stores/ingafert-pecas-agricolas/uploads/images/porca-de-ajuste-do-rolamento-planti-center-ref-025257-6a242ac8ce475-medium.png
45305536,sim,nao,Incoparts,,,"Bucha 59,80 x 41,40 x 76,00 Planti Center Ref. 335139 | 033513 | 33.513-9",sim,nao,CATALOGO;Peças para Plantadeira;PLANTADEIRA;PLANTI CENTER;PRODUTOS;PRODUTOS EM PROMOÇÃO;PRODUTOS EM PROMOÇÃO > Principais Produtos,,,,,bucha-5980x4140x7600-335139-033513-33513-9-planti-center,,"<h2>Bucha 59,80 x 41,40 x 76,00 Ref. 335139 | 033513 | 33.513-9 Planti Center</h2><p>A <strong>Bucha Ref. 335139</strong>, também identificada pelos códigos <strong>033513</strong> e <strong>33.513-9</strong>, é um componente utilizado em conjuntos mecânicos agrícolas que exigem alinhamento preciso, redução de atrito e maior estabilidade operacional.</p><p>Produzida com elevado padrão de qualidade, sua função é auxiliar no correto posicionamento dos eixos e componentes móveis, contribuindo para a diminuição do desgaste prematuro e aumento da vida útil dos conjuntos.</p><p>Desenvolvida para suportar as exigências do trabalho agrícola, oferece excelente resistência mecânica e durabilidade mesmo sob condições severas de operação.</p><h2>Aplicação</h2><ul><li>Plantadeiras Planti Center</li><li>Conjuntos de transmissão</li><li>Sistemas de articulação e movimentação</li></ul><p><strong>Referência Principal:</strong> 335139</p><p><strong>Referências Compatíveis:</strong></p><ul><li>033513</li><li>33.513-9</li></ul><h2>Benefícios</h2><p>  Maior estabilidade operacional</p><p>  Redução do desgaste dos componentes</p><p>  Excelente resistência mecânica</p><p>  Encaixe preciso</p><p>  Alta durabilidade</p><p>  Fácil instalação</p><p>  Ideal para manutenção preventiva e corretiva</p><h2>Especificações Técnicas</h2><ul><li>Produto: Bucha</li><li>Referência: 335139</li><li>Referência Alternativa: 033513</li><li>Referência Alternativa: 33.513-9</li><li>Medidas:</li><li class=""ql-indent-1"">Diâmetro Externo: 59,80 mm</li><li class=""ql-indent-1"">Diâmetro Interno: 41,40 mm</li><li class=""ql-indent-1"">Comprimento: 76,00 mm</li><li>Aplicação: Equipamentos Planti Center</li><li>Material: Alta resistência</li><li>Condição: Novo</li></ul><h2>Conteúdo da Embalagem</h2><ul><li>01 Bucha 59,80 x 41,40 x 76,00 Ref. 335139</li></ul><h2>Diferenciais Ingafert</h2><p>  Especialistas em peças agrícolas</p><p>  Estoque próprio</p><p>  Envio rápido para todo o Brasil</p><p>  Atendimento especializado</p><p>  Compra segura</p><p>  Peças selecionadas para máxima durabilidade</p>",3,nao,0,,,0,,"Bucha 59,80 x 41,40 x 76,00 Planti Center Ref. 335139 | 033513 | 33.51","Compre Bucha 59,80 x 41,40 x 76,00 Ref. 335139 Planti Center. Peça de alta resistência para redução de desgaste e melhor desempenho dos conjuntos agrícolas. Envio rápido para todo o Brasil.",,,"bucha 335139, bucha 033513, bucha 33513-9, bucha planti center, bucha agrícola, bucha 59,80x41,40x76, bucha para plantadeira, peças planti center, reposição agrícola, bucha para eixo agrícola, manutenção plantadeira, peças agrícolas",https://www.ingafert.com.br/bucha-5980x4140x7600-335139-033513-33513-9-planti-center/p,https://images.yampi.me/assets/stores/ingafert-pecas-agricolas/uploads/images/bucha-5980-x-4140-x-7600-planti-center-ref-335139-033513-33513-9-6a242ea45a288-medium.png
45305580,sim,nao,Incoparts,,,Flange do Disco de Corte 17/18 Planti Center Ref. 002853,sim,nao,CATALOGO;Peças para Plantadeira;PLANTADEIRA;PLANTI CENTER;PRODUTOS EM PROMOÇÃO > Principais Produtos,,,,,flange-disco-corte-17-18-002853-planti-center,,"<h2>Flange do Disco de Corte 17/18 Planti Center Ref. 002853</h2><p>A <strong>Flange do Disco de Corte Ref. 002853 Planti Center</strong> é um componente indispensável para a correta fixação e alinhamento do disco de corte utilizado nas plantadeiras.</p><p>Projetada para suportar as exigências das operações agrícolas, a flange proporciona estabilidade ao conjunto de corte, contribuindo para um melhor desempenho na abertura do sulco e maior uniformidade no plantio.</p><p>Fabricada com material de alta resistência mecânica, oferece excelente durabilidade, reduzindo desgastes e aumentando a vida útil dos componentes do sistema.</p><h2>Aplicação</h2><ul><li>Disco de Corte 17"" e 18""</li><li>Plantadeiras Planti Center</li><li>Sistemas de corte agrícola</li></ul><p><strong>Referência:</strong> 002853</p><h2>Benefícios</h2><p>  Fixação segura do disco de corte</p><p>  Maior estabilidade operacional</p><p>  Excelente resistência mecânica</p><p>  Redução de vibrações e desgastes</p><p>  Maior vida útil do conjunto</p><p>  Encaixe preciso</p><p>  Fácil instalação</p><h2>Especificações Técnicas</h2><ul><li>Produto: Flange do Disco de Corte</li><li>Referência: 002853</li><li>Aplicação: Disco de Corte 17"" e 18""</li><li>Compatibilidade: Plantadeiras Planti Center</li><li>Material: Aço de alta resistência</li><li>Condição: Novo</li></ul><h2>Conteúdo da Embalagem</h2><ul><li>01 Flange do Disco de Corte Ref. 002853</li></ul><h2>Diferenciais Ingafert</h2><p>  Especialistas em peças agrícolas</p><p>  Estoque próprio</p><p>  Envio rápido para todo o Brasil</p><p>  Atendimento especializado</p><p>  Compra segura</p><p>  Peças selecionadas para máxima durabilidade</p>",3,nao,0,,,0,,Flange do Disco de Corte 17/18 Planti Center Ref. 002853,Compre Flange do Disco de Corte 17/18 Ref. 002853 Planti Center. Peça de alta resistência para fixação segura e desempenho eficiente do conjunto de corte da plantadeira.,,,"flange disco de corte 002853, flange disco de corte planti center, flange disco 17 18, flange plantadeira planti center, disco de corte agrícola, peças planti center, flange para disco de corte, reposição agrícola, peças para plantadeira, sistema de corte plantadeira, manutenção agrícola, flange agrícola",https://www.ingafert.com.br/flange-disco-corte-17-18-002853-planti-center/p,https://images.yampi.me/assets/stores/ingafert-pecas-agricolas/uploads/images/flange-do-disco-de-corte-1718-planti-center-ref-002853-6a243217f112e-medium.png
45305641,sim,nao,Incoparts,,,Catraca Z16 ASA 40 Planti Center Ref. 03.981-7 | 039817 | 003981,sim,nao,CATALOGO;Peças para Plantadeira;PLANTADEIRA;PLANTI CENTER;PRODUTOS;PRODUTOS EM PROMOÇÃO;PRODUTOS EM PROMOÇÃO > Principais Produtos,,,,,catraca-z16-asa40-039817-003981-planti-center,,"<h2>Catraca Z16 ASA 40 Planti Center Ref. 03.981-7 | 039817 | 003981</h2><p>A <strong>Catraca Z16 ASA 40 Ref. 03.981-7</strong>, também identificada pelos códigos <strong>039817</strong> e <strong>003981</strong>, é uma peça essencial para os sistemas de transmissão das plantadeiras Planti Center.</p><p>Fabricada para trabalhar com correntes padrão <strong>ASA 40</strong>, possui <strong>16 dentes (Z16)</strong>, garantindo transmissão eficiente de torque e sincronismo adequado dos mecanismos acionados.</p><p>Construída em material de alta resistência, suporta as condições severas encontradas no campo, proporcionando maior durabilidade, menor desgaste e excelente desempenho operacional.</p><h2>Aplicação</h2><ul><li>Plantadeiras Planti Center</li><li>Sistemas de transmissão por corrente</li><li>Corrente padrão ASA 40</li></ul><p><strong>Referência Principal:</strong> 03.981-7</p><p><strong>Referências Compatíveis:</strong></p><ul><li>039817</li><li>003981</li></ul><h2>Benefícios</h2><p>  Transmissão eficiente de potência</p><p>  Excelente encaixe com corrente ASA 40</p><p>  Alta resistência ao desgaste</p><p>  Maior vida útil do conjunto</p><p>  Funcionamento suave e preciso</p><p>  Fácil instalação</p><p>  Ideal para manutenção preventiva e corretiva</p><h2>Especificações Técnicas</h2><ul><li>Produto: Catraca</li><li>Modelo: Z16</li><li>Corrente Compatível: ASA 40</li><li>Número de Dentes: 16</li><li>Referência: 03.981-7</li><li>Código Alternativo: 039817</li><li>Código Alternativo: 003981</li><li>Aplicação: Plantadeiras Planti Center</li><li>Material: Aço de alta resistência</li><li>Condição: Novo</li></ul><h2>Conteúdo da Embalagem</h2><ul><li>01 Catraca Z16 ASA 40 Ref. 03.981-7</li></ul><h2>Diferenciais Ingafert</h2><p>  Especialistas em peças agrícolas</p><p>  Estoque próprio</p><p>  Envio rápido para todo o Brasil</p><p>  Atendimento especializado</p><p>  Compra segura</p><p>  Peças selecionadas para máxima durabilidade</p>",3,nao,0,,,0,,Catraca Z16 ASA 40 Planti Center Ref. 03.981-7 | 039817 | 003981,"Compre Catraca Z16 ASA 40 Ref. 03.981-7 Planti Center. Engrenamento preciso, alta resistência e excelente desempenho para sistemas de transmissão de plantadeiras.",,,"catraca z16 asa 40, catraca 039817, catraca 003981, catraca 03.981-7, catraca planti center, engrenagem asa 40, pinhão asa 40, transmissão plantadeira, peças planti center, catraca corrente asa 40, peças agrícolas, reposição plantadeira, sistema transmissão agrícola",https://www.ingafert.com.br/catraca-z16-asa40-039817-003981-planti-center/p,https://images.yampi.me/assets/stores/ingafert-pecas-agricolas/uploads/images/catraca-z16-asa-40-planti-center-ref-03981-7-039817-003981-6a2435aac7ac1-medium.png
45321746,sim,nao,Incoparts,,,Aro Roda Compactadora para Plantadeira Planti Center Ref. 031215 03.121-5,sim,nao,Peças para Plantadeira;PLANTADEIRA;PLANTI CENTER;PRODUTOS;PRODUTOS EM PROMOÇÃO;PRODUTOS EM PROMOÇÃO > Principais Produtos,,,,,aro-roda-compactadora-planti-center-031215,,"<h1>Aro Roda Compactadora para Plantadeira Planti Center Ref. 031215</h1><p>O Aro da Roda Compactadora é um componente essencial do sistema de compactação da plantadeira, responsável por auxiliar no fechamento do sulco e proporcionar melhor contato entre a semente e o solo, favorecendo uma germinação mais uniforme.</p><p>Fabricado com excelente padrão de qualidade, oferece resistência ao desgaste, encaixe preciso e longa vida útil mesmo em condições severas de trabalho.</p><h2>Aplicação</h2><p>Plantadeiras Planti Center.</p><h2>Códigos Equivalentes</h2><ul><li>031215</li><li>003121</li><li>11090011</li><li>03.121-5</li></ul><h2>Características</h2><ul><li>Produto novo</li><li>Alta resistência mecânica</li><li>Excelente acabamento</li><li>Fácil instalação</li><li>Encaixe preciso</li><li>Maior durabilidade no campo</li></ul><h2>Benefícios</h2><ul><li>Melhor compactação da linha de plantio</li><li>Maior uniformidade na emergência das sementes</li><li>Redução de manutenções corretivas</li><li>Excelente custo-benefício</li></ul><h2>Conteúdo da Embalagem</h2><ul><li>01 Aro da Roda Compactadora</li></ul><p>Antes da compra, confirme a compatibilidade utilizando os códigos originais informados acima.</p>",3,nao,0,,,0,,Aro Roda Compactadora Planti Center 031215 | Peças Agrícolas,"Compre Aro da Roda Compactadora para Plantadeira Planti Center. Compatível com os códigos 031215, 003121, 11090011 e 03.121-5. Envio para todo o Brasil.",,,"planti center
aro roda compactadora
031215
003121
11090011
03.121-5
plantadeira
peças agrícolas
peças para plantadeira
implementos agrícolas
roda compactadora
aro da banda",https://www.ingafert.com.br/aro-roda-compactadora-planti-center-031215/p,https://images.yampi.me/assets/stores/ingafert-pecas-agricolas/uploads/images/aro-roda-compactadora-para-plantadeira-planti-center-ref-031215-03121-5-6a26f8e74ce43-medium.jpg
45321841,sim,nao,Incoparts,,,"Cubo do Rolamento do Disco 17"" Planti Center Furo 10,50mm Ref. 016870",sim,nao,CATALOGO;Peças para Plantadeira;PLANTADEIRA;PLANTI CENTER;PRODUTOS;PRODUTOS EM PROMOÇÃO > Principais Produtos,,,,,cubo-rolamento-disco-17-planti-center-016870,,"<h1>Cubo do Rolamento do Disco 17"" Planti Center Ref. 016870</h1><p>O Cubo do Rolamento do Disco 17"" é uma peça fundamental para o sistema de distribuição e corte da linha de adubo da plantadeira, proporcionando estabilidade, resistência e excelente desempenho durante o plantio.</p><p>Desenvolvido para aplicação em plantadeiras Planti Center, possui furo de 10,50 mm e fabricação robusta para suportar as exigências do trabalho agrícola diário.</p><h2>Aplicação</h2><p>Plantadeira Planti Center</p><h2>Especificações Técnicas</h2><ul><li>Disco de adubo 17""</li><li>Furo: 10,50 mm</li><li>Produto novo</li><li>Alta resistência mecânica</li><li>Excelente acabamento</li><li>Fácil instalação</li></ul><h2>Códigos Equivalentes</h2><ul><li>016870</li><li>001687</li><li>03040010</li><li>01.687-0</li></ul><h2>Observação Importante</h2><p>Para aplicações com cubo de furo 8 mm, utilizar a referência 016856.</p><h2>Benefícios</h2><ul><li>Maior durabilidade</li><li>Excelente encaixe</li><li>Redução de folgas e desgastes</li><li>Melhor desempenho operacional</li><li>Ótimo custo-benefício</li></ul><h2>Conteúdo da Embalagem</h2><ul><li>01 Cubo do Rolamento do Disco 17""</li></ul><p>Antes da compra, confira as medidas e os códigos de referência para garantir a compatibilidade com seu equipamento.</p>",3,nao,0,,,0,,Cubo do Rolamento Disco 17 Planti Center 016870 | Peças Agrícolas,"Compre Cubo do Rolamento do Disco 17"" para Plantadeira Planti Center. Compatível com os códigos 016870, 001687, 03040010 e 01.687-0. Produto de alta resistência para reposição agrícola.",,,"cubo do rolamento do disco 17
016870
001687
03040010
01.687-0
cubo disco adubo
planti center
plantadeira planti center
cubo disco 17
peças para plantadeira
implementos agrícolas
cubo rolamento disco adubo
cubo disco plantadeira",https://www.ingafert.com.br/cubo-rolamento-disco-17-planti-center-016870/p,https://images.yampi.me/assets/stores/ingafert-pecas-agricolas/uploads/images/cubo-do-rolamento-do-disco-17-planti-center-furo-1050mm-ref-016870-6a26fb826a5f0-medium.jpg
45321916,sim,nao,Incoparts,,,Suporte Lado Esquerdo para Plantadeira Planti Center Ref. 020082,sim,nao,CATALOGO;Peças para Plantadeira;PLANTADEIRA;PLANTI CENTER;PRODUTOS;PRODUTOS EM PROMOÇÃO,,,,,suporte-lado-esquerdo-planti-center-020082,,"<h1>Suporte Lado Esquerdo para Plantadeira Planti Center Ref. 020082</h1><p>O Suporte Lado Esquerdo é um componente essencial para o correto funcionamento da plantadeira, oferecendo sustentação, alinhamento e estabilidade aos conjuntos de trabalho da máquina.</p><p>Fabricado com excelente padrão de qualidade, proporciona resistência mecânica, longa vida útil e encaixe preciso, contribuindo para a redução de manutenções e maior produtividade no campo.</p><h2>Aplicação</h2><p>Plantadeiras Planti Center.</p><h2>Códigos Equivalentes</h2><ul><li>020082</li><li>002008</li><li>11200002</li><li>02.008-2</li></ul><h2>Características</h2><ul><li>Produto novo</li><li>Alta resistência estrutural</li><li>Excelente acabamento</li><li>Fácil instalação</li><li>Encaixe preciso</li><li>Longa durabilidade</li></ul><h2>Benefícios</h2><ul><li>Maior segurança operacional</li><li>Melhor desempenho da plantadeira</li><li>Redução de desgaste prematuro</li><li>Excelente custo-benefício</li></ul><h2>Conteúdo da Embalagem</h2><ul><li>01 Suporte Lado Esquerdo</li></ul><p>Antes da compra, confirme a compatibilidade através dos códigos originais informados acima.</p>",3,nao,0,,,0,,Suporte L.E Planti Center 020082 | Peças para Plantadeira,"Compre Suporte Lado Esquerdo para Plantadeira Planti Center. Compatível com os códigos 020082, 002008, 11200002 e 02.008-2. Produto de alta durabilidade para reposição agrícola.",,,"suporte le planti center
suporte lado esquerdo plantadeira
020082
002008
11200002
02.008-2
plantadeira planti center
peças para plantadeira
implementos agrícolas
reposição planti center
suporte plantadeira",https://www.ingafert.com.br/suporte-lado-esquerdo-planti-center-020082/p,https://images.yampi.me/assets/stores/ingafert-pecas-agricolas/uploads/images/suporte-lado-esquerdo-para-plantadeira-planti-center-ref-020082-6a26feb2330eb-medium.jpg
45336460,sim,nao,Incoparts,,,"Catraca Z20 Planti Center REF 039848 para Eixo Sextavado 7/8 (22,22 mm)",sim,nao,CATALOGO;Peças para Plantadeira;PLANTADEIRA;PLANTI CENTER;PRODUTOS;PRODUTOS EM PROMOÇÃO;PRODUTOS EM PROMOÇÃO > Principais Produtos,,,,,catraca-z20-planti-center-ref-039848-eixo-sextavado-7-8,,"<h1>CATRACA Z20 PLANTI CENTER REF: 039848</h1><p>A <strong>Catraca Z20 REF: 039848</strong> é uma peça essencial no sistema de transmissão das plantadeiras <strong>Planti Center</strong>, responsável pelo correto acionamento dos mecanismos de distribuição e sincronismo durante a operação de plantio.</p><p>Fabricada com material de elevada resistência mecânica e excelente acabamento, garante maior vida útil, reduzindo desgastes prematuros e minimizando paradas para manutenção.</p><p>Projetada para aplicação em <strong>eixo sextavado 7/8"" (22,22 mm)</strong>, possui encaixe preciso e compatibilidade com os padrões originais da linha Planti Center.</p><h2> <strong> Aplicação</strong></h2><ul><li>Plantadeiras <strong>Planti Center</strong></li></ul><h2>  <strong>Especificações Técnicas</strong></h2><ul><li>Produto: <strong>Catraca Z20</strong></li><li>Referência: <strong>039848</strong></li><li>Quantidade de dentes: <strong>20 dentes</strong></li><li>Encaixe: <strong>Eixo sextavado 7/8"" (22,22 mm)</strong></li><li>Material: Aço de alta resistência</li><li>Excelente acabamento superficial</li><li>Instalação simples e rápida</li></ul><h2>  <strong>Benefícios</strong></h2><p>  Alta resistência ao desgaste</p><p>  Precisão no sistema de transmissão</p><p>  Compatibilidade com o padrão original</p><p>  Maior durabilidade em condições severas</p><p>  Redução de custos com manutenção</p><p>  Melhor desempenho operacional no plantio</p><p>  Excelente custo-benefício</p>",3,nao,0,,,0,,Catraca Z20 Planti Center REF 039848 Eixo 7/8,"Catraca Z20 REF: 039848 para Plantadeiras Planti Center, compatível com eixo sextavado 7/8"" (22,22 mm). Fabricada em aço de alta resistência, oferece durabilidade, encaixe preciso",,,"catraca z20 planti center,
catraca 039848,
ref 039848 planti center,
catraca z20 eixo 7/8,
catraca eixo sextavado 22,22mm,
engrenagem plantadeira planti center,
peças planti center,
peças para plantadeira,
transmissão plantadeira,
engrenagem 20 dentes,
reposição planti center,
peças agrícolas planti center,
Ingafert peças agrícolas,",https://www.ingafert.com.br/catraca-z20-planti-center-ref-039848-eixo-sextavado-7-8/p,https://images.yampi.me/assets/stores/ingafert-pecas-agricolas/uploads/images/catraca-z20-planti-center-ref-039848-para-eixo-sextavado-78-2222-mm-6a295fb5611d1-medium.png
45413365,sim,nao,Incoparts,,,5 unidades Guia Mola do Disco de Corte G6 Planti Center Ref. 110954,sim,nao,CATALOGO;Peças para Plantadeira;PLANTADEIRA;PLANTI CENTER;PRODUTOS;PRODUTOS EM PROMOÇÃO;PRODUTOS EM PROMOÇÃO > Principais Produtos,,,,,guia-mola-disco-corte-g6-planti-center-110954,,"<h2>Guia Mola do Disco de Corte G6 Planti Center Ref. 110954</h2><p>A Guia Mola do Disco de Corte G6 Planti Center Ref. 110954 é uma peça fundamental para o correto funcionamento do sistema de corte da plantadeira.</p><p>Fabricada com material resistente e acabamento de alta qualidade, proporciona excelente durabilidade mesmo em condições severas de trabalho no campo.</p><p>Ideal para reposição preventiva ou corretiva, garantindo maior confiabilidade durante as operações de plantio.</p><h3>Benefícios</h3><p>  Alta resistência mecânica</p><p>  Excelente durabilidade</p><p>  Encaixe preciso</p><p>  Fácil instalação</p><p>  Maior confiabilidade operacional</p><p>  Produto de reposição para plantadeiras Planti Center</p><h1>Características Técnicas</h1><ul><li>Código: 110954</li><li>Produto: Guia Mola</li><li>Aplicação: Disco de Corte</li><li>Linha: G6</li><li>Compatibilidade: Planti Center</li><li>Material: Aço de alta resistência</li><li>Cor: Preto</li><li>Condição: Novo</li><li>Marca: Compatível com Planti Center</li></ul><h1>Aplicações</h1><p>Compatível com equipamentos Planti Center equipados com sistema de Disco de Corte G6.</p>",3,nao,0,,,0,,Guia Mola Disco de Corte G6 Planti Center 110954 | Ingafert,Compre Guia Mola do Disco de Corte G6 Planti Center Ref. 110954. Peça de reposição com excelente resistência e encaixe perfeito. Enviamos para todo o Brasil.,,,"guia mola planti center
guia mola disco de corte
guia mola g6
peça plantadeira planti center
disco de corte g6
reposição planti center
peças para plantadeira
peças agrícolas planti center
guia mola 110954
peça disco de corte plantadeira",https://www.ingafert.com.br/guia-mola-disco-corte-g6-planti-center-110954/p,https://images.yampi.me/assets/stores/ingafert-pecas-agricolas/uploads/images/5-unidades-guia-mola-do-disco-de-corte-g6-planti-center-ref-110954-6a340be8ad8e5-medium.png
45413462,sim,nao,Incoparts,,,Pino Braço do Disco de Corte G6 Planti Center Ref. 111166,sim,nao,CATALOGO;Peças para Plantadeira;PLANTADEIRA;PLANTI CENTER;PRODUTOS;PRODUTOS EM PROMOÇÃO;PRODUTOS EM PROMOÇÃO > Principais Produtos,,,,,pino-braco-disco-corte-g6-planti-center-111166,,"<p>Pino de fixação para braço do disco de corte G6 Planti Center, desenvolvido para garantir segurança, resistência e perfeito funcionamento do conjunto.</p><h1>Características Técnicas</h1><ul><li>Código: 111166</li><li>Produto: Pino do Braço</li><li>Aplicação: Disco de Corte</li><li>Linha: G6</li><li>Compatibilidade: Planti Center</li><li>Material: Aço de alta resistência</li><li>Acabamento: Industrial</li><li>Cor: Metálica</li><li>Condição: Novo</li><li>Marca: Compatível com Planti Center</li></ul><h1>Aplicações</h1><p>Compatível com plantadeiras Planti Center equipadas com sistema de Disco de Corte G6.</p>",3,nao,0,,,0,,Pino Braço Disco de Corte G6 Planti Center 111166 | Ingafert,Compre Pino Braço do Disco de Corte G6 Planti Center Ref. 111166. Peça resistente para reposição em plantadeiras. Envio rápido para todo o Brasil.,,,"pino braço disco de corte
pino disco corte g6
pino planti center
pino braço plantadeira
peça plantadeira planti center
reposição disco de corte
pino 111166
peças agrícolas planti center
disco de corte g6
peças para plantadeira",https://www.ingafert.com.br/pino-braco-disco-corte-g6-planti-center-111166/p,https://images.yampi.me/assets/stores/ingafert-pecas-agricolas/uploads/images/pino-braco-do-disco-de-corte-g6-planti-center-ref-111166-6a34122e1afbc-medium.png
45427628,sim,nao,Incoparts,,84329000,Cubo da Roda Premier para Plantadeira Planti Center Big Farm G4 Ref. 336307,sim,nao,CATALOGO;Peças para Plantadeira;PLANTADEIRA;PLANTI CENTER;PRODUTOS;PRODUTOS EM PROMOÇÃO;PRODUTOS EM PROMOÇÃO > Principais Produtos,,,,,cubo-da-roda-premier-planti-center-big-farm-g4-336307,,"<h3>Cubo da Roda Premier Planti Center Ref. 336307</h3><p>O Cubo da Roda Premier é uma peça fundamental do conjunto de rodado de tração das plantadeiras Planti Center Big Farm G4. Fabricado com materiais de alta resistência, oferece excelente durabilidade, segurança e desempenho durante o plantio.</p><p>Ideal para reposição e manutenção preventiva, garantindo o correto funcionamento do sistema de tração da plantadeira e reduzindo paradas inesperadas no campo.</p><h3>Aplicação</h3><p><strong>Planti Center Big Farm G4</strong></p><h4>Conjunto Rodado de Tração Eixo 3½""</h4><ul><li>Modelos de 13 linhas</li><li>Modelos de 15 linhas</li><li>Modelos de 17 linhas</li></ul><h4>Conjunto Rodado de Tração Eixo 4""</h4><ul><li>Modelos de 19 linhas</li><li>Modelos de 21 linhas</li></ul><h3>Códigos de Referência</h3><ul><li>336307</li><li>033630</li><li>33.630-7</li></ul><h3>Conteúdo da Embalagem</h3><ul><li>01 Cubo da Roda Premier </li></ul><p><br /></p>",3,nao,0,,,0,,Cubo Da Roda Premier Planti Center Big Farm G4 336307,Compre Cubo da Roda Premier Planti Center Ref. 336307. Compatível com Big Farm G4 de 13 a 21 linhas. Envio para todo Brasil.,,,"cubo da roda premier,cubo da roda planti center,cubo plantadeira planti center,cubo roda big farm g4,cubo rodado tração plantadeira,peças planti center,cubo 336307,cubo 033630,cubo 33.630-7,peças para plantadeira

rodado de tração planti center

ingafert peças agrícolas",https://www.ingafert.com.br/cubo-da-roda-premier-planti-center-big-farm-g4-336307/p,https://images.yampi.me/assets/stores/ingafert-pecas-agricolas/uploads/images/cubo-da-roda-premier-para-plantadeira-planti-center-big-farm-g4-ref-336307-6a36a80627276-medium.png
45427762,sim,nao,Incoparts,,84329000,Caixa Frontal da Linha de Semente Planti Center Ref. 015848,sim,nao,CATALOGO;Peças para Plantadeira;PLANTADEIRA;PLANTI CENTER;PRODUTOS;PRODUTOS EM PROMOÇÃO;PRODUTOS EM PROMOÇÃO > Principais Produtos,,,,,caixa-frontal-linha-semente-planti-center-015848,,"<h3>Caixa Frontal Linha da Semente Planti Center Ref. 015848</h3><p>A Caixa Frontal da Linha de Semente é um componente essencial do conjunto da linha de semeadura das plantadeiras Planti Center. Produzida com materiais de alta resistência, proporciona excelente durabilidade e confiabilidade durante as operações de plantio.</p><p>Indicada para reposição e manutenção preventiva, contribuindo para o correto funcionamento do sistema de distribuição de sementes e maior eficiência operacional no campo.</p><h2>APLICAÇÕES</h2><h3>Plantadeiras Planti Center</h3><h3>Conjunto Linha da Semente</h3><p>  Big Farm G-4</p><p>  PC-5/4 Penta-2</p><p>  PC-7/4 Penta-2</p><p>  PC-9/8 Penta-2</p><p>  PC-11/10 Penta-2</p><p>  PC-7/4 New Line G-3</p><p>  PC-9/8 New Line G-3</p><p>  PC-10 New Line G-3</p><p>  PC-11/10 New Line G-3</p><p>  PC-12 New Line G-3</p><p>  PC-13/12 New Line G-3</p><p>  PC-15/14 New Line G-3</p><p>  PC-17 New Line G-3</p><p>  PCA 13 Big Farm G3</p><p>  PCA 15 Big Farm G3</p><p>  PCA 17 Big Farm G3</p><p>  PCA 19 Big Farm G3</p><p>  PCA 21 Big Farm G3</p><h3>Linha da Semente Maior com Sistema Articulável (Opcional)</h3><p>  PCA 13 Big Farm G3</p><p>  PCA 15 Big Farm G3</p><p>  PCA 17 Big Farm G3</p><p>  PCA 19 Big Farm G3</p><p>  PCA 21 Big Farm G3</p><h2>CÓDIGOS DE REFERÊNCIA</h2><ul><li>015848</li><li>001584</li><li>12080003</li><li>01.584-8</li></ul><h2>BENEFÍCIOS</h2><p>  Alta resistência mecânica</p><p>  Excelente durabilidade</p><p>  Perfeito encaixe</p><p>  Fácil instalação</p><p>  Maior vida útil do conjunto de semeadura</p><p>  Reduz paradas para manutenção</p><h2>CONTEÚDO DA EMBALAGEM</h2><ul><li>01 Caixa Frontal Linha Semente</li></ul><h2>ESPECIFICAÇÕES TÉCNICAS</h2><p><strong>Código da Peça:</strong> 015848</p><p><strong>Códigos Equivalentes:</strong> 001584 | 12080003 | 01.584-8</p><p><strong>Aplicação:</strong> Linha de Semente</p><p><strong>Compatibilidade:</strong> Plantadeiras Planti Center</p><p><strong>Condição:</strong> Novo</p>",3,nao,0,,,0,,Caixa Frontal Linha da Semente Planti Center Big Farm G3 G4 015848,"Compre Caixa Frontal Linha da Semente Planti Center Ref. 015848. Compatível com Big Farm G3, G4, Penta-2 e New Line. Envio para todo o Brasil.",,,"caixa frontal linha semente

caixa frontal planti center

caixa linha semente plantadeira

caixa frontal big farm g4

caixa frontal big farm g3

caixa frontal penta 2

caixa frontal new line g3

peças planti center

linha de semente plantadeira

015848

001584

12080003

01.584-8

peças para plantadeira

ingafert peças agrícolas",https://www.ingafert.com.br/caixa-frontal-linha-semente-planti-center-015848/p,https://images.yampi.me/assets/stores/ingafert-pecas-agricolas/uploads/images/caixa-frontal-da-linha-de-semente-planti-center-ref-015848-6a36ae4f2f534-medium.png
45457558,sim,nao,JOHN DEERE,IGF-JD-0001,84339090,Guia Navalha John Deere AD02601,sim,nao,JOHN DEERE;JOHN DEERE COLHEITADEIRA;PRODUTOS;PRODUTOS EM PROMOÇÃO;PRODUTOS EM PROMOÇÃO > Principais Produtos,,,,,guia-navalha-john-deere-ad02601,,Peça de reposição para colheitadeiras John Deere.,3,nao,0,,,0,,Guia Navalha John Deere,Peça de reposição John Deere,guia navalha john deere,,guia navalha,https://www.ingafert.com.br/guia-navalha-john-deere-ad02601/p,
45612975,sim,nao,Incoparts,,,Kit 15 Unidades Dedo Levantador CR Modelo Novo para Colheitadeira New Holland,sim,nao,CATALOGO;NEW HOLLAND;NEW HOLLAND > COLHEITADEIRA;PRODUTOS EM PROMOÇÃO;PRODUTOS EM PROMOÇÃO > Principais Produtos,,,,,kit-15-dedos-levantadores-cr-modelo-novo,,,0,nao,0,,,0,,Kit 15 Dedos Levantadores CR Modelo Novo | Ingafert,"Kit 15 Unidades Dedo Levantador CR Modelo NovoO Kit com 15 Dedos Levantadores CR Modelo Novo foi desenvolvido para oferecer excelente desempenho na colheita,",,,,https://www.ingafert.com.br/kit-15-dedos-levantadores-cr-modelo-novo/p,https://images.yampi.me/assets/stores/ingafert-pecas-agricolas/uploads/images/kit-15-unidades-dedo-levantador-cr-modelo-novo-para-colheitadeira-new-holland-6a57c9ac5ecf9-medium.png
